Timing Analyzer report for seq_101
Mon Apr 06 19:59:51 2026
Quartus Prime Version 20.1.1 Build 720 11/11/2020 SJ Lite Edition


---------------------
; Table of Contents ;
---------------------
  1. Legal Notice
  2. Timing Analyzer Summary
  3. Parallel Compilation
  4. Clocks
  5. Slow 1200mV 85C Model Fmax Summary
  6. Timing Closure Recommendations
  7. Slow 1200mV 85C Model Setup Summary
  8. Slow 1200mV 85C Model Hold Summary
  9. Slow 1200mV 85C Model Recovery Summary
 10. Slow 1200mV 85C Model Removal Summary
 11. Slow 1200mV 85C Model Minimum Pulse Width Summary
 12. Slow 1200mV 85C Model Setup: 'clk_50'
 13. Slow 1200mV 85C Model Setup: 'clk_div:div|clk_out'
 14. Slow 1200mV 85C Model Hold: 'clk_div:div|clk_out'
 15. Slow 1200mV 85C Model Hold: 'clk_50'
 16. Slow 1200mV 85C Model Metastability Summary
 17. Slow 1200mV 0C Model Fmax Summary
 18. Slow 1200mV 0C Model Setup Summary
 19. Slow 1200mV 0C Model Hold Summary
 20. Slow 1200mV 0C Model Recovery Summary
 21. Slow 1200mV 0C Model Removal Summary
 22. Slow 1200mV 0C Model Minimum Pulse Width Summary
 23. Slow 1200mV 0C Model Setup: 'clk_50'
 24. Slow 1200mV 0C Model Setup: 'clk_div:div|clk_out'
 25. Slow 1200mV 0C Model Hold: 'clk_div:div|clk_out'
 26. Slow 1200mV 0C Model Hold: 'clk_50'
 27. Slow 1200mV 0C Model Metastability Summary
 28. Fast 1200mV 0C Model Setup Summary
 29. Fast 1200mV 0C Model Hold Summary
 30. Fast 1200mV 0C Model Recovery Summary
 31. Fast 1200mV 0C Model Removal Summary
 32. Fast 1200mV 0C Model Minimum Pulse Width Summary
 33. Fast 1200mV 0C Model Setup: 'clk_50'
 34. Fast 1200mV 0C Model Setup: 'clk_div:div|clk_out'
 35. Fast 1200mV 0C Model Hold: 'clk_div:div|clk_out'
 36. Fast 1200mV 0C Model Hold: 'clk_50'
 37. Fast 1200mV 0C Model Metastability Summary
 38. Multicorner Timing Analysis Summary
 39. Board Trace Model Assignments
 40. Input Transition Times
 41. Signal Integrity Metrics (Slow 1200mv 0c Model)
 42. Signal Integrity Metrics (Slow 1200mv 85c Model)
 43. Signal Integrity Metrics (Fast 1200mv 0c Model)
 44. Setup Transfers
 45. Hold Transfers
 46. Report TCCS
 47. Report RSKM
 48. Unconstrained Paths Summary
 49. Clock Status Summary
 50. Unconstrained Input Ports
 51. Unconstrained Output Ports
 52. Unconstrained Input Ports
 53. Unconstrained Output Ports
 54. Timing Analyzer Messages



----------------
; Legal Notice ;
----------------
Copyright (C) 2020  Intel Corporation. All rights reserved.
Your use of Intel Corporation's design tools, logic functions 
and other software and tools, and any partner logic 
functions, and any output files from any of the foregoing 
(including device programming or simulation files), and any 
associated documentation or information are expressly subject 
to the terms and conditions of the Intel Program License 
Subscription Agreement, the Intel Quartus Prime License Agreement,
the Intel FPGA IP License Agreement, or other applicable license
agreement, including, without limitation, that your use is for
the sole purpose of programming logic devices manufactured by
Intel and sold by Intel or its authorized distributors.  Please
refer to the applicable agreement for further details, at
https://fpgasoftware.intel.com/eula.



+-----------------------------------------------------------------------------+
; Timing Analyzer Summary                                                     ;
+-----------------------+-----------------------------------------------------+
; Quartus Prime Version ; Version 20.1.1 Build 720 11/11/2020 SJ Lite Edition ;
; Timing Analyzer       ; Legacy Timing Analyzer                              ;
; Revision Name         ; seq_101                                             ;
; Device Family         ; Cyclone IV E                                        ;
; Device Name           ; EP4CE115F29C7                                       ;
; Timing Models         ; Final                                               ;
; Delay Model           ; Combined                                            ;
; Rise/Fall Delays      ; Enabled                                             ;
+-----------------------+-----------------------------------------------------+


+------------------------------------------+
; Parallel Compilation                     ;
+----------------------------+-------------+
; Processors                 ; Number      ;
+----------------------------+-------------+
; Number detected on machine ; 4           ;
; Maximum allowed            ; 2           ;
;                            ;             ;
; Average used               ; 1.00        ;
; Maximum used               ; 2           ;
;                            ;             ;
; Usage by Processor         ; % Time Used ;
;     Processor 1            ; 100.0%      ;
;     Processor 2            ;   0.4%      ;
+----------------------------+-------------+


+----------------------------------------------------------------------------------------------------------------------------------------------------------------------------------------------------------+
; Clocks                                                                                                                                                                                                   ;
+---------------------+------+--------+------------+-------+-------+------------+-----------+-------------+-------+--------+-----------+------------+----------+--------+--------+-------------------------+
; Clock Name          ; Type ; Period ; Frequency  ; Rise  ; Fall  ; Duty Cycle ; Divide by ; Multiply by ; Phase ; Offset ; Edge List ; Edge Shift ; Inverted ; Master ; Source ; Targets                 ;
+---------------------+------+--------+------------+-------+-------+------------+-----------+-------------+-------+--------+-----------+------------+----------+--------+--------+-------------------------+
; clk_50              ; Base ; 1.000  ; 1000.0 MHz ; 0.000 ; 0.500 ;            ;           ;             ;       ;        ;           ;            ;          ;        ;        ; { clk_50 }              ;
; clk_div:div|clk_out ; Base ; 1.000  ; 1000.0 MHz ; 0.000 ; 0.500 ;            ;           ;             ;       ;        ;           ;            ;          ;        ;        ; { clk_div:div|clk_out } ;
+---------------------+------+--------+------------+-------+-------+------------+-----------+-------------+-------+--------+-----------+------------+----------+--------+--------+-------------------------+


+------------------------------------------------------------------------------------------------------+
; Slow 1200mV 85C Model Fmax Summary                                                                   ;
+-------------+-----------------+---------------------+------------------------------------------------+
; Fmax        ; Restricted Fmax ; Clock Name          ; Note                                           ;
+-------------+-----------------+---------------------+------------------------------------------------+
; 202.35 MHz  ; 202.35 MHz      ; clk_50              ;                                                ;
; 1094.09 MHz ; 437.64 MHz      ; clk_div:div|clk_out ; limit due to minimum period restriction (tmin) ;
+-------------+-----------------+---------------------+------------------------------------------------+
This panel reports FMAX for every clock in the design, regardless of the user-specified clock periods.  FMAX is only computed for paths where the source and destination registers or ports are driven by the same clock.  Paths of different clocks, including generated clocks, are ignored.  For paths between a clock and its inversion, FMAX is computed as if the rising and falling edges are scaled along with FMAX, such that the duty cycle (in terms of a percentage) is maintained. Altera recommends that you always use clock constraints and other slack reports for sign-off analysis.


----------------------------------
; Timing Closure Recommendations ;
----------------------------------
HTML report is unavailable in plain text report export.


+----------------------------------------------+
; Slow 1200mV 85C Model Setup Summary          ;
+---------------------+--------+---------------+
; Clock               ; Slack  ; End Point TNS ;
+---------------------+--------+---------------+
; clk_50              ; -3.942 ; -53.351       ;
; clk_div:div|clk_out ; 0.086  ; 0.000         ;
+---------------------+--------+---------------+


+---------------------------------------------+
; Slow 1200mV 85C Model Hold Summary          ;
+---------------------+-------+---------------+
; Clock               ; Slack ; End Point TNS ;
+---------------------+-------+---------------+
; clk_div:div|clk_out ; 0.450 ; 0.000         ;
; clk_50              ; 0.641 ; 0.000         ;
+---------------------+-------+---------------+


------------------------------------------
; Slow 1200mV 85C Model Recovery Summary ;
------------------------------------------
No paths to report.


-----------------------------------------
; Slow 1200mV 85C Model Removal Summary ;
-----------------------------------------
No paths to report.


+---------------------------------------------------+
; Slow 1200mV 85C Model Minimum Pulse Width Summary ;
+---------------------+--------+--------------------+
; Clock               ; Slack  ; End Point TNS      ;
+---------------------+--------+--------------------+
; clk_50              ; -3.000 ; -38.980            ;
; clk_div:div|clk_out ; -1.285 ; -5.140             ;
+---------------------+--------+--------------------+


+------------------------------------------------------------------------------------------------------------------------------------+
; Slow 1200mV 85C Model Setup: 'clk_50'                                                                                              ;
+--------+--------------------------+--------------------------+--------------+-------------+--------------+------------+------------+
; Slack  ; From Node                ; To Node                  ; Launch Clock ; Latch Clock ; Relationship ; Clock Skew ; Data Delay ;
+--------+--------------------------+--------------------------+--------------+-------------+--------------+------------+------------+
; -3.942 ; clk_div:div|tick_cnt[15] ; clk_div:div|clk_out      ; clk_50       ; clk_50      ; 1.000        ; -0.080     ; 4.860      ;
; -3.937 ; clk_div:div|tick_cnt[12] ; clk_div:div|clk_out      ; clk_50       ; clk_50      ; 1.000        ; -0.082     ; 4.853      ;
; -3.847 ; clk_div:div|tick_cnt[5]  ; clk_div:div|clk_out      ; clk_50       ; clk_50      ; 1.000        ; -0.082     ; 4.763      ;
; -3.831 ; clk_div:div|tick_cnt[3]  ; clk_div:div|clk_out      ; clk_50       ; clk_50      ; 1.000        ; -0.082     ; 4.747      ;
; -3.820 ; clk_div:div|tick_cnt[8]  ; clk_div:div|clk_out      ; clk_50       ; clk_50      ; 1.000        ; -0.082     ; 4.736      ;
; -3.813 ; clk_div:div|tick_cnt[9]  ; clk_div:div|clk_out      ; clk_50       ; clk_50      ; 1.000        ; -0.082     ; 4.729      ;
; -3.802 ; clk_div:div|tick_cnt[2]  ; clk_div:div|clk_out      ; clk_50       ; clk_50      ; 1.000        ; -0.082     ; 4.718      ;
; -3.789 ; clk_div:div|tick_cnt[0]  ; clk_div:div|clk_out      ; clk_50       ; clk_50      ; 1.000        ; -0.082     ; 4.705      ;
; -3.787 ; clk_div:div|tick_cnt[1]  ; clk_div:div|clk_out      ; clk_50       ; clk_50      ; 1.000        ; -0.082     ; 4.703      ;
; -3.774 ; clk_div:div|tick_cnt[4]  ; clk_div:div|clk_out      ; clk_50       ; clk_50      ; 1.000        ; -0.082     ; 4.690      ;
; -3.688 ; clk_div:div|tick_cnt[10] ; clk_div:div|clk_out      ; clk_50       ; clk_50      ; 1.000        ; -0.082     ; 4.604      ;
; -3.519 ; clk_div:div|tick_cnt[7]  ; clk_div:div|clk_out      ; clk_50       ; clk_50      ; 1.000        ; -0.082     ; 4.435      ;
; -3.508 ; clk_div:div|tick_cnt[11] ; clk_div:div|clk_out      ; clk_50       ; clk_50      ; 1.000        ; -0.081     ; 4.425      ;
; -3.426 ; clk_div:div|tick_cnt[13] ; clk_div:div|clk_out      ; clk_50       ; clk_50      ; 1.000        ; -0.081     ; 4.343      ;
; -3.416 ; clk_div:div|tick_cnt[26] ; clk_div:div|clk_out      ; clk_50       ; clk_50      ; 1.000        ; -0.080     ; 4.334      ;
; -3.411 ; clk_div:div|tick_cnt[20] ; clk_div:div|clk_out      ; clk_50       ; clk_50      ; 1.000        ; -0.081     ; 4.328      ;
; -3.406 ; clk_div:div|tick_cnt[22] ; clk_div:div|clk_out      ; clk_50       ; clk_50      ; 1.000        ; -0.081     ; 4.323      ;
; -3.401 ; clk_div:div|tick_cnt[24] ; clk_div:div|clk_out      ; clk_50       ; clk_50      ; 1.000        ; -0.080     ; 4.319      ;
; -3.372 ; clk_div:div|tick_cnt[23] ; clk_div:div|clk_out      ; clk_50       ; clk_50      ; 1.000        ; -0.080     ; 4.290      ;
; -3.350 ; clk_div:div|tick_cnt[6]  ; clk_div:div|clk_out      ; clk_50       ; clk_50      ; 1.000        ; -0.081     ; 4.267      ;
; -3.265 ; clk_div:div|tick_cnt[14] ; clk_div:div|clk_out      ; clk_50       ; clk_50      ; 1.000        ; -0.081     ; 4.182      ;
; -3.262 ; clk_div:div|tick_cnt[25] ; clk_div:div|clk_out      ; clk_50       ; clk_50      ; 1.000        ; -0.080     ; 4.180      ;
; -3.167 ; clk_div:div|tick_cnt[16] ; clk_div:div|clk_out      ; clk_50       ; clk_50      ; 1.000        ; -0.080     ; 4.085      ;
; -3.165 ; clk_div:div|tick_cnt[18] ; clk_div:div|clk_out      ; clk_50       ; clk_50      ; 1.000        ; -0.080     ; 4.083      ;
; -3.132 ; clk_div:div|tick_cnt[21] ; clk_div:div|clk_out      ; clk_50       ; clk_50      ; 1.000        ; -0.081     ; 4.049      ;
; -3.073 ; clk_div:div|tick_cnt[17] ; clk_div:div|clk_out      ; clk_50       ; clk_50      ; 1.000        ; -0.080     ; 3.991      ;
; -2.943 ; clk_div:div|tick_cnt[19] ; clk_div:div|clk_out      ; clk_50       ; clk_50      ; 1.000        ; -0.080     ; 3.861      ;
; -2.919 ; clk_div:div|tick_cnt[1]  ; clk_div:div|tick_cnt[26] ; clk_50       ; clk_50      ; 1.000        ; -0.083     ; 3.834      ;
; -2.856 ; clk_div:div|tick_cnt[6]  ; clk_div:div|tick_cnt[26] ; clk_50       ; clk_50      ; 1.000        ; -0.082     ; 3.772      ;
; -2.845 ; clk_div:div|tick_cnt[0]  ; clk_div:div|tick_cnt[26] ; clk_50       ; clk_50      ; 1.000        ; -0.083     ; 3.760      ;
; -2.795 ; clk_div:div|tick_cnt[3]  ; clk_div:div|tick_cnt[26] ; clk_50       ; clk_50      ; 1.000        ; -0.083     ; 3.710      ;
; -2.738 ; clk_div:div|tick_cnt[11] ; clk_div:div|tick_cnt[26] ; clk_50       ; clk_50      ; 1.000        ; -0.082     ; 3.654      ;
; -2.709 ; clk_div:div|tick_cnt[1]  ; clk_div:div|tick_cnt[20] ; clk_50       ; clk_50      ; 1.000        ; -0.082     ; 3.625      ;
; -2.703 ; clk_div:div|tick_cnt[1]  ; clk_div:div|tick_cnt[22] ; clk_50       ; clk_50      ; 1.000        ; -0.082     ; 3.619      ;
; -2.703 ; clk_div:div|tick_cnt[2]  ; clk_div:div|tick_cnt[26] ; clk_50       ; clk_50      ; 1.000        ; -0.083     ; 3.618      ;
; -2.667 ; clk_div:div|tick_cnt[5]  ; clk_div:div|tick_cnt[26] ; clk_50       ; clk_50      ; 1.000        ; -0.083     ; 3.582      ;
; -2.643 ; clk_div:div|tick_cnt[6]  ; clk_div:div|tick_cnt[20] ; clk_50       ; clk_50      ; 1.000        ; -0.081     ; 3.560      ;
; -2.635 ; clk_div:div|tick_cnt[0]  ; clk_div:div|tick_cnt[20] ; clk_50       ; clk_50      ; 1.000        ; -0.082     ; 3.551      ;
; -2.629 ; clk_div:div|tick_cnt[0]  ; clk_div:div|tick_cnt[22] ; clk_50       ; clk_50      ; 1.000        ; -0.082     ; 3.545      ;
; -2.623 ; clk_div:div|tick_cnt[6]  ; clk_div:div|tick_cnt[21] ; clk_50       ; clk_50      ; 1.000        ; -0.081     ; 3.540      ;
; -2.620 ; clk_div:div|tick_cnt[6]  ; clk_div:div|tick_cnt[22] ; clk_50       ; clk_50      ; 1.000        ; -0.081     ; 3.537      ;
; -2.585 ; clk_div:div|tick_cnt[3]  ; clk_div:div|tick_cnt[20] ; clk_50       ; clk_50      ; 1.000        ; -0.082     ; 3.501      ;
; -2.579 ; clk_div:div|tick_cnt[3]  ; clk_div:div|tick_cnt[22] ; clk_50       ; clk_50      ; 1.000        ; -0.082     ; 3.495      ;
; -2.577 ; clk_div:div|tick_cnt[4]  ; clk_div:div|tick_cnt[26] ; clk_50       ; clk_50      ; 1.000        ; -0.083     ; 3.492      ;
; -2.565 ; clk_div:div|tick_cnt[6]  ; clk_div:div|tick_cnt[11] ; clk_50       ; clk_50      ; 1.000        ; -0.081     ; 3.482      ;
; -2.560 ; clk_div:div|tick_cnt[0]  ; clk_div:div|tick_cnt[21] ; clk_50       ; clk_50      ; 1.000        ; -0.082     ; 3.476      ;
; -2.534 ; clk_div:div|tick_cnt[15] ; clk_div:div|tick_cnt[7]  ; clk_50       ; clk_50      ; 1.000        ; -0.079     ; 3.453      ;
; -2.528 ; clk_div:div|tick_cnt[11] ; clk_div:div|tick_cnt[20] ; clk_50       ; clk_50      ; 1.000        ; -0.081     ; 3.445      ;
; -2.523 ; clk_div:div|tick_cnt[7]  ; clk_div:div|tick_cnt[26] ; clk_50       ; clk_50      ; 1.000        ; -0.083     ; 3.438      ;
; -2.522 ; clk_div:div|tick_cnt[11] ; clk_div:div|tick_cnt[22] ; clk_50       ; clk_50      ; 1.000        ; -0.081     ; 3.439      ;
; -2.520 ; clk_div:div|tick_cnt[1]  ; clk_div:div|tick_cnt[14] ; clk_50       ; clk_50      ; 1.000        ; -0.082     ; 3.436      ;
; -2.508 ; clk_div:div|tick_cnt[13] ; clk_div:div|tick_cnt[26] ; clk_50       ; clk_50      ; 1.000        ; -0.082     ; 3.424      ;
; -2.502 ; clk_div:div|tick_cnt[0]  ; clk_div:div|tick_cnt[11] ; clk_50       ; clk_50      ; 1.000        ; -0.082     ; 3.418      ;
; -2.498 ; clk_div:div|tick_cnt[1]  ; clk_div:div|tick_cnt[21] ; clk_50       ; clk_50      ; 1.000        ; -0.082     ; 3.414      ;
; -2.498 ; clk_div:div|tick_cnt[12] ; clk_div:div|tick_cnt[7]  ; clk_50       ; clk_50      ; 1.000        ; -0.081     ; 3.415      ;
; -2.493 ; clk_div:div|tick_cnt[2]  ; clk_div:div|tick_cnt[20] ; clk_50       ; clk_50      ; 1.000        ; -0.082     ; 3.409      ;
; -2.487 ; clk_div:div|tick_cnt[2]  ; clk_div:div|tick_cnt[22] ; clk_50       ; clk_50      ; 1.000        ; -0.082     ; 3.403      ;
; -2.457 ; clk_div:div|tick_cnt[5]  ; clk_div:div|tick_cnt[20] ; clk_50       ; clk_50      ; 1.000        ; -0.082     ; 3.373      ;
; -2.451 ; clk_div:div|tick_cnt[5]  ; clk_div:div|tick_cnt[22] ; clk_50       ; clk_50      ; 1.000        ; -0.082     ; 3.367      ;
; -2.446 ; clk_div:div|tick_cnt[0]  ; clk_div:div|tick_cnt[14] ; clk_50       ; clk_50      ; 1.000        ; -0.082     ; 3.362      ;
; -2.437 ; clk_div:div|tick_cnt[6]  ; clk_div:div|tick_cnt[14] ; clk_50       ; clk_50      ; 1.000        ; -0.081     ; 3.354      ;
; -2.433 ; clk_div:div|tick_cnt[15] ; clk_div:div|tick_cnt[19] ; clk_50       ; clk_50      ; 1.000        ; -0.081     ; 3.350      ;
; -2.419 ; clk_div:div|tick_cnt[1]  ; clk_div:div|tick_cnt[11] ; clk_50       ; clk_50      ; 1.000        ; -0.082     ; 3.335      ;
; -2.414 ; clk_div:div|tick_cnt[2]  ; clk_div:div|tick_cnt[21] ; clk_50       ; clk_50      ; 1.000        ; -0.082     ; 3.330      ;
; -2.412 ; clk_div:div|tick_cnt[8]  ; clk_div:div|tick_cnt[7]  ; clk_50       ; clk_50      ; 1.000        ; -0.081     ; 3.329      ;
; -2.405 ; clk_div:div|tick_cnt[9]  ; clk_div:div|tick_cnt[7]  ; clk_50       ; clk_50      ; 1.000        ; -0.081     ; 3.322      ;
; -2.397 ; clk_div:div|tick_cnt[12] ; clk_div:div|tick_cnt[19] ; clk_50       ; clk_50      ; 1.000        ; -0.083     ; 3.312      ;
; -2.396 ; clk_div:div|tick_cnt[3]  ; clk_div:div|tick_cnt[14] ; clk_50       ; clk_50      ; 1.000        ; -0.082     ; 3.312      ;
; -2.390 ; clk_div:div|tick_cnt[9]  ; clk_div:div|tick_cnt[26] ; clk_50       ; clk_50      ; 1.000        ; -0.083     ; 3.305      ;
; -2.374 ; clk_div:div|tick_cnt[3]  ; clk_div:div|tick_cnt[21] ; clk_50       ; clk_50      ; 1.000        ; -0.082     ; 3.290      ;
; -2.371 ; clk_div:div|tick_cnt[5]  ; clk_div:div|tick_cnt[7]  ; clk_50       ; clk_50      ; 1.000        ; -0.081     ; 3.288      ;
; -2.367 ; clk_div:div|tick_cnt[4]  ; clk_div:div|tick_cnt[20] ; clk_50       ; clk_50      ; 1.000        ; -0.082     ; 3.283      ;
; -2.361 ; clk_div:div|tick_cnt[6]  ; clk_div:div|tick_cnt[25] ; clk_50       ; clk_50      ; 1.000        ; -0.082     ; 3.277      ;
; -2.361 ; clk_div:div|tick_cnt[4]  ; clk_div:div|tick_cnt[22] ; clk_50       ; clk_50      ; 1.000        ; -0.082     ; 3.277      ;
; -2.356 ; clk_div:div|tick_cnt[2]  ; clk_div:div|tick_cnt[11] ; clk_50       ; clk_50      ; 1.000        ; -0.082     ; 3.272      ;
; -2.355 ; clk_div:div|tick_cnt[3]  ; clk_div:div|tick_cnt[7]  ; clk_50       ; clk_50      ; 1.000        ; -0.081     ; 3.272      ;
; -2.339 ; clk_div:div|tick_cnt[11] ; clk_div:div|tick_cnt[14] ; clk_50       ; clk_50      ; 1.000        ; -0.081     ; 3.256      ;
; -2.326 ; clk_div:div|tick_cnt[2]  ; clk_div:div|tick_cnt[7]  ; clk_50       ; clk_50      ; 1.000        ; -0.081     ; 3.243      ;
; -2.326 ; clk_div:div|tick_cnt[6]  ; clk_div:div|tick_cnt[19] ; clk_50       ; clk_50      ; 1.000        ; -0.082     ; 3.242      ;
; -2.317 ; clk_div:div|tick_cnt[11] ; clk_div:div|tick_cnt[21] ; clk_50       ; clk_50      ; 1.000        ; -0.081     ; 3.234      ;
; -2.313 ; clk_div:div|tick_cnt[7]  ; clk_div:div|tick_cnt[20] ; clk_50       ; clk_50      ; 1.000        ; -0.082     ; 3.229      ;
; -2.313 ; clk_div:div|tick_cnt[0]  ; clk_div:div|tick_cnt[7]  ; clk_50       ; clk_50      ; 1.000        ; -0.081     ; 3.230      ;
; -2.311 ; clk_div:div|tick_cnt[1]  ; clk_div:div|tick_cnt[7]  ; clk_50       ; clk_50      ; 1.000        ; -0.081     ; 3.228      ;
; -2.311 ; clk_div:div|tick_cnt[8]  ; clk_div:div|tick_cnt[19] ; clk_50       ; clk_50      ; 1.000        ; -0.083     ; 3.226      ;
; -2.307 ; clk_div:div|tick_cnt[7]  ; clk_div:div|tick_cnt[22] ; clk_50       ; clk_50      ; 1.000        ; -0.082     ; 3.223      ;
; -2.306 ; clk_div:div|tick_cnt[8]  ; clk_div:div|tick_cnt[26] ; clk_50       ; clk_50      ; 1.000        ; -0.083     ; 3.221      ;
; -2.304 ; clk_div:div|tick_cnt[2]  ; clk_div:div|tick_cnt[14] ; clk_50       ; clk_50      ; 1.000        ; -0.082     ; 3.220      ;
; -2.304 ; clk_div:div|tick_cnt[9]  ; clk_div:div|tick_cnt[19] ; clk_50       ; clk_50      ; 1.000        ; -0.083     ; 3.219      ;
; -2.301 ; clk_div:div|tick_cnt[4]  ; clk_div:div|tick_cnt[21] ; clk_50       ; clk_50      ; 1.000        ; -0.082     ; 3.217      ;
; -2.298 ; clk_div:div|tick_cnt[13] ; clk_div:div|tick_cnt[20] ; clk_50       ; clk_50      ; 1.000        ; -0.081     ; 3.215      ;
; -2.298 ; clk_div:div|tick_cnt[4]  ; clk_div:div|tick_cnt[7]  ; clk_50       ; clk_50      ; 1.000        ; -0.081     ; 3.215      ;
; -2.298 ; clk_div:div|tick_cnt[0]  ; clk_div:div|tick_cnt[25] ; clk_50       ; clk_50      ; 1.000        ; -0.083     ; 3.213      ;
; -2.295 ; clk_div:div|tick_cnt[3]  ; clk_div:div|tick_cnt[11] ; clk_50       ; clk_50      ; 1.000        ; -0.082     ; 3.211      ;
; -2.292 ; clk_div:div|tick_cnt[13] ; clk_div:div|tick_cnt[22] ; clk_50       ; clk_50      ; 1.000        ; -0.081     ; 3.209      ;
; -2.280 ; clk_div:div|tick_cnt[1]  ; clk_div:div|tick_cnt[24] ; clk_50       ; clk_50      ; 1.000        ; -0.083     ; 3.195      ;
; -2.280 ; clk_div:div|tick_cnt[10] ; clk_div:div|tick_cnt[7]  ; clk_50       ; clk_50      ; 1.000        ; -0.081     ; 3.197      ;
; -2.276 ; clk_div:div|tick_cnt[5]  ; clk_div:div|tick_cnt[19] ; clk_50       ; clk_50      ; 1.000        ; -0.083     ; 3.191      ;
; -2.268 ; clk_div:div|tick_cnt[5]  ; clk_div:div|tick_cnt[14] ; clk_50       ; clk_50      ; 1.000        ; -0.082     ; 3.184      ;
; -2.265 ; clk_div:div|tick_cnt[6]  ; clk_div:div|tick_cnt[13] ; clk_50       ; clk_50      ; 1.000        ; -0.081     ; 3.182      ;
; -2.263 ; clk_div:div|tick_cnt[0]  ; clk_div:div|tick_cnt[19] ; clk_50       ; clk_50      ; 1.000        ; -0.083     ; 3.178      ;
+--------+--------------------------+--------------------------+--------------+-------------+--------------+------------+------------+


+------------------------------------------------------------------------------------------------------------------+
; Slow 1200mV 85C Model Setup: 'clk_div:div|clk_out'                                                               ;
+-------+-----------+---------+---------------------+---------------------+--------------+------------+------------+
; Slack ; From Node ; To Node ; Launch Clock        ; Latch Clock         ; Relationship ; Clock Skew ; Data Delay ;
+-------+-----------+---------+---------------------+---------------------+--------------+------------+------------+
; 0.086 ; pre.S2    ; pre.S1  ; clk_div:div|clk_out ; clk_div:div|clk_out ; 1.000        ; -0.080     ; 0.832      ;
; 0.094 ; pre.S2    ; pre.S3  ; clk_div:div|clk_out ; clk_div:div|clk_out ; 1.000        ; -0.080     ; 0.824      ;
; 0.094 ; pre.S1    ; pre.S0  ; clk_div:div|clk_out ; clk_div:div|clk_out ; 1.000        ; -0.080     ; 0.824      ;
; 0.094 ; pre.S1    ; pre.S2  ; clk_div:div|clk_out ; clk_div:div|clk_out ; 1.000        ; -0.080     ; 0.824      ;
+-------+-----------+---------+---------------------+---------------------+--------------+------------+------------+


+------------------------------------------------------------------------------------------------------------------+
; Slow 1200mV 85C Model Hold: 'clk_div:div|clk_out'                                                                ;
+-------+-----------+---------+---------------------+---------------------+--------------+------------+------------+
; Slack ; From Node ; To Node ; Launch Clock        ; Latch Clock         ; Relationship ; Clock Skew ; Data Delay ;
+-------+-----------+---------+---------------------+---------------------+--------------+------------+------------+
; 0.450 ; pre.S2    ; pre.S1  ; clk_div:div|clk_out ; clk_div:div|clk_out ; 0.000        ; 0.080      ; 0.716      ;
; 0.460 ; pre.S2    ; pre.S3  ; clk_div:div|clk_out ; clk_div:div|clk_out ; 0.000        ; 0.080      ; 0.726      ;
; 0.460 ; pre.S1    ; pre.S0  ; clk_div:div|clk_out ; clk_div:div|clk_out ; 0.000        ; 0.080      ; 0.726      ;
; 0.460 ; pre.S1    ; pre.S2  ; clk_div:div|clk_out ; clk_div:div|clk_out ; 0.000        ; 0.080      ; 0.726      ;
+-------+-----------+---------+---------------------+---------------------+--------------+------------+------------+


+-----------------------------------------------------------------------------------------------------------------------------------+
; Slow 1200mV 85C Model Hold: 'clk_50'                                                                                              ;
+-------+--------------------------+--------------------------+--------------+-------------+--------------+------------+------------+
; Slack ; From Node                ; To Node                  ; Launch Clock ; Latch Clock ; Relationship ; Clock Skew ; Data Delay ;
+-------+--------------------------+--------------------------+--------------+-------------+--------------+------------+------------+
; 0.641 ; clk_div:div|tick_cnt[10] ; clk_div:div|tick_cnt[10] ; clk_50       ; clk_50      ; 0.000        ; 0.081      ; 0.908      ;
; 0.641 ; clk_div:div|tick_cnt[9]  ; clk_div:div|tick_cnt[9]  ; clk_50       ; clk_50      ; 0.000        ; 0.081      ; 0.908      ;
; 0.641 ; clk_div:div|tick_cnt[8]  ; clk_div:div|tick_cnt[8]  ; clk_50       ; clk_50      ; 0.000        ; 0.081      ; 0.908      ;
; 0.643 ; clk_div:div|tick_cnt[2]  ; clk_div:div|tick_cnt[2]  ; clk_50       ; clk_50      ; 0.000        ; 0.081      ; 0.910      ;
; 0.643 ; clk_div:div|tick_cnt[1]  ; clk_div:div|tick_cnt[1]  ; clk_50       ; clk_50      ; 0.000        ; 0.081      ; 0.910      ;
; 0.654 ; clk_div:div|tick_cnt[3]  ; clk_div:div|tick_cnt[3]  ; clk_50       ; clk_50      ; 0.000        ; 0.081      ; 0.921      ;
; 0.655 ; clk_div:div|tick_cnt[12] ; clk_div:div|tick_cnt[12] ; clk_50       ; clk_50      ; 0.000        ; 0.081      ; 0.922      ;
; 0.656 ; clk_div:div|tick_cnt[16] ; clk_div:div|tick_cnt[16] ; clk_50       ; clk_50      ; 0.000        ; 0.081      ; 0.923      ;
; 0.656 ; clk_div:div|tick_cnt[15] ; clk_div:div|tick_cnt[15] ; clk_50       ; clk_50      ; 0.000        ; 0.081      ; 0.923      ;
; 0.657 ; clk_div:div|tick_cnt[25] ; clk_div:div|tick_cnt[25] ; clk_50       ; clk_50      ; 0.000        ; 0.081      ; 0.924      ;
; 0.657 ; clk_div:div|tick_cnt[24] ; clk_div:div|tick_cnt[24] ; clk_50       ; clk_50      ; 0.000        ; 0.081      ; 0.924      ;
; 0.657 ; clk_div:div|tick_cnt[18] ; clk_div:div|tick_cnt[18] ; clk_50       ; clk_50      ; 0.000        ; 0.081      ; 0.924      ;
; 0.657 ; clk_div:div|tick_cnt[17] ; clk_div:div|tick_cnt[17] ; clk_50       ; clk_50      ; 0.000        ; 0.081      ; 0.924      ;
; 0.657 ; clk_div:div|tick_cnt[5]  ; clk_div:div|tick_cnt[5]  ; clk_50       ; clk_50      ; 0.000        ; 0.081      ; 0.924      ;
; 0.658 ; clk_div:div|tick_cnt[23] ; clk_div:div|tick_cnt[23] ; clk_50       ; clk_50      ; 0.000        ; 0.081      ; 0.925      ;
; 0.660 ; clk_div:div|tick_cnt[4]  ; clk_div:div|tick_cnt[4]  ; clk_50       ; clk_50      ; 0.000        ; 0.081      ; 0.927      ;
; 0.675 ; clk_div:div|tick_cnt[0]  ; clk_div:div|tick_cnt[0]  ; clk_50       ; clk_50      ; 0.000        ; 0.081      ; 0.942      ;
; 0.958 ; clk_div:div|tick_cnt[9]  ; clk_div:div|tick_cnt[10] ; clk_50       ; clk_50      ; 0.000        ; 0.081      ; 1.225      ;
; 0.960 ; clk_div:div|tick_cnt[1]  ; clk_div:div|tick_cnt[2]  ; clk_50       ; clk_50      ; 0.000        ; 0.081      ; 1.227      ;
; 0.961 ; clk_div:div|tick_cnt[7]  ; clk_div:div|tick_cnt[8]  ; clk_50       ; clk_50      ; 0.000        ; 0.081      ; 1.228      ;
; 0.968 ; clk_div:div|tick_cnt[8]  ; clk_div:div|tick_cnt[9]  ; clk_50       ; clk_50      ; 0.000        ; 0.081      ; 1.235      ;
; 0.970 ; clk_div:div|tick_cnt[2]  ; clk_div:div|tick_cnt[3]  ; clk_50       ; clk_50      ; 0.000        ; 0.081      ; 1.237      ;
; 0.972 ; clk_div:div|tick_cnt[3]  ; clk_div:div|tick_cnt[4]  ; clk_50       ; clk_50      ; 0.000        ; 0.081      ; 1.239      ;
; 0.973 ; clk_div:div|tick_cnt[10] ; clk_div:div|tick_cnt[12] ; clk_50       ; clk_50      ; 0.000        ; 0.081      ; 1.240      ;
; 0.973 ; clk_div:div|tick_cnt[15] ; clk_div:div|tick_cnt[16] ; clk_50       ; clk_50      ; 0.000        ; 0.081      ; 1.240      ;
; 0.973 ; clk_div:div|tick_cnt[8]  ; clk_div:div|tick_cnt[10] ; clk_50       ; clk_50      ; 0.000        ; 0.081      ; 1.240      ;
; 0.974 ; clk_div:div|tick_cnt[17] ; clk_div:div|tick_cnt[18] ; clk_50       ; clk_50      ; 0.000        ; 0.081      ; 1.241      ;
; 0.975 ; clk_div:div|tick_cnt[23] ; clk_div:div|tick_cnt[24] ; clk_50       ; clk_50      ; 0.000        ; 0.081      ; 1.242      ;
; 0.975 ; clk_div:div|tick_cnt[2]  ; clk_div:div|tick_cnt[4]  ; clk_50       ; clk_50      ; 0.000        ; 0.081      ; 1.242      ;
; 0.983 ; clk_div:div|tick_cnt[0]  ; clk_div:div|tick_cnt[1]  ; clk_50       ; clk_50      ; 0.000        ; 0.081      ; 1.250      ;
; 0.983 ; clk_div:div|tick_cnt[16] ; clk_div:div|tick_cnt[17] ; clk_50       ; clk_50      ; 0.000        ; 0.081      ; 1.250      ;
; 0.984 ; clk_div:div|tick_cnt[24] ; clk_div:div|tick_cnt[25] ; clk_50       ; clk_50      ; 0.000        ; 0.081      ; 1.251      ;
; 0.987 ; clk_div:div|tick_cnt[4]  ; clk_div:div|tick_cnt[5]  ; clk_50       ; clk_50      ; 0.000        ; 0.081      ; 1.254      ;
; 0.988 ; clk_div:div|tick_cnt[0]  ; clk_div:div|tick_cnt[2]  ; clk_50       ; clk_50      ; 0.000        ; 0.081      ; 1.255      ;
; 0.988 ; clk_div:div|tick_cnt[16] ; clk_div:div|tick_cnt[18] ; clk_50       ; clk_50      ; 0.000        ; 0.081      ; 1.255      ;
; 1.005 ; clk_div:div|tick_cnt[19] ; clk_div:div|tick_cnt[19] ; clk_50       ; clk_50      ; 0.000        ; 0.081      ; 1.272      ;
; 1.081 ; clk_div:div|tick_cnt[1]  ; clk_div:div|tick_cnt[3]  ; clk_50       ; clk_50      ; 0.000        ; 0.081      ; 1.348      ;
; 1.082 ; clk_div:div|tick_cnt[7]  ; clk_div:div|tick_cnt[9]  ; clk_50       ; clk_50      ; 0.000        ; 0.081      ; 1.349      ;
; 1.084 ; clk_div:div|tick_cnt[9]  ; clk_div:div|tick_cnt[12] ; clk_50       ; clk_50      ; 0.000        ; 0.081      ; 1.351      ;
; 1.086 ; clk_div:div|tick_cnt[1]  ; clk_div:div|tick_cnt[4]  ; clk_50       ; clk_50      ; 0.000        ; 0.081      ; 1.353      ;
; 1.087 ; clk_div:div|tick_cnt[7]  ; clk_div:div|tick_cnt[10] ; clk_50       ; clk_50      ; 0.000        ; 0.081      ; 1.354      ;
; 1.093 ; clk_div:div|tick_cnt[3]  ; clk_div:div|tick_cnt[5]  ; clk_50       ; clk_50      ; 0.000        ; 0.081      ; 1.360      ;
; 1.094 ; clk_div:div|tick_cnt[15] ; clk_div:div|tick_cnt[17] ; clk_50       ; clk_50      ; 0.000        ; 0.081      ; 1.361      ;
; 1.096 ; clk_div:div|tick_cnt[23] ; clk_div:div|tick_cnt[25] ; clk_50       ; clk_50      ; 0.000        ; 0.081      ; 1.363      ;
; 1.096 ; clk_div:div|tick_cnt[2]  ; clk_div:div|tick_cnt[5]  ; clk_50       ; clk_50      ; 0.000        ; 0.081      ; 1.363      ;
; 1.099 ; clk_div:div|tick_cnt[15] ; clk_div:div|tick_cnt[18] ; clk_50       ; clk_50      ; 0.000        ; 0.081      ; 1.366      ;
; 1.099 ; clk_div:div|tick_cnt[8]  ; clk_div:div|tick_cnt[12] ; clk_50       ; clk_50      ; 0.000        ; 0.081      ; 1.366      ;
; 1.100 ; clk_div:div|tick_cnt[5]  ; clk_div:div|tick_cnt[8]  ; clk_50       ; clk_50      ; 0.000        ; 0.081      ; 1.367      ;
; 1.109 ; clk_div:div|tick_cnt[0]  ; clk_div:div|tick_cnt[3]  ; clk_50       ; clk_50      ; 0.000        ; 0.081      ; 1.376      ;
; 1.110 ; clk_div:div|tick_cnt[12] ; clk_div:div|tick_cnt[15] ; clk_50       ; clk_50      ; 0.000        ; 0.079      ; 1.375      ;
; 1.114 ; clk_div:div|tick_cnt[0]  ; clk_div:div|tick_cnt[4]  ; clk_50       ; clk_50      ; 0.000        ; 0.081      ; 1.381      ;
; 1.115 ; clk_div:div|tick_cnt[12] ; clk_div:div|tick_cnt[16] ; clk_50       ; clk_50      ; 0.000        ; 0.079      ; 1.380      ;
; 1.118 ; clk_div:div|tick_cnt[4]  ; clk_div:div|tick_cnt[8]  ; clk_50       ; clk_50      ; 0.000        ; 0.081      ; 1.385      ;
; 1.125 ; clk_div:div|tick_cnt[26] ; clk_div:div|tick_cnt[26] ; clk_50       ; clk_50      ; 0.000        ; 0.081      ; 1.392      ;
; 1.139 ; clk_div:div|tick_cnt[22] ; clk_div:div|tick_cnt[23] ; clk_50       ; clk_50      ; 0.000        ; 0.080      ; 1.405      ;
; 1.144 ; clk_div:div|tick_cnt[22] ; clk_div:div|tick_cnt[24] ; clk_50       ; clk_50      ; 0.000        ; 0.080      ; 1.410      ;
; 1.185 ; clk_div:div|tick_cnt[14] ; clk_div:div|tick_cnt[15] ; clk_50       ; clk_50      ; 0.000        ; 0.080      ; 1.451      ;
; 1.190 ; clk_div:div|tick_cnt[14] ; clk_div:div|tick_cnt[16] ; clk_50       ; clk_50      ; 0.000        ; 0.080      ; 1.456      ;
; 1.200 ; clk_div:div|tick_cnt[7]  ; clk_div:div|tick_cnt[7]  ; clk_50       ; clk_50      ; 0.000        ; 0.081      ; 1.467      ;
; 1.200 ; clk_div:div|tick_cnt[21] ; clk_div:div|tick_cnt[13] ; clk_50       ; clk_50      ; 0.000        ; 0.081      ; 1.467      ;
; 1.200 ; clk_div:div|tick_cnt[21] ; clk_div:div|tick_cnt[20] ; clk_50       ; clk_50      ; 0.000        ; 0.081      ; 1.467      ;
; 1.207 ; clk_div:div|tick_cnt[1]  ; clk_div:div|tick_cnt[5]  ; clk_50       ; clk_50      ; 0.000        ; 0.081      ; 1.474      ;
; 1.213 ; clk_div:div|tick_cnt[7]  ; clk_div:div|tick_cnt[12] ; clk_50       ; clk_50      ; 0.000        ; 0.081      ; 1.480      ;
; 1.221 ; clk_div:div|tick_cnt[5]  ; clk_div:div|tick_cnt[9]  ; clk_50       ; clk_50      ; 0.000        ; 0.081      ; 1.488      ;
; 1.222 ; clk_div:div|tick_cnt[10] ; clk_div:div|tick_cnt[15] ; clk_50       ; clk_50      ; 0.000        ; 0.079      ; 1.487      ;
; 1.222 ; clk_div:div|tick_cnt[19] ; clk_div:div|tick_cnt[23] ; clk_50       ; clk_50      ; 0.000        ; 0.081      ; 1.489      ;
; 1.224 ; clk_div:div|tick_cnt[3]  ; clk_div:div|tick_cnt[8]  ; clk_50       ; clk_50      ; 0.000        ; 0.081      ; 1.491      ;
; 1.226 ; clk_div:div|tick_cnt[5]  ; clk_div:div|tick_cnt[10] ; clk_50       ; clk_50      ; 0.000        ; 0.081      ; 1.493      ;
; 1.227 ; clk_div:div|tick_cnt[10] ; clk_div:div|tick_cnt[16] ; clk_50       ; clk_50      ; 0.000        ; 0.079      ; 1.492      ;
; 1.227 ; clk_div:div|tick_cnt[19] ; clk_div:div|tick_cnt[24] ; clk_50       ; clk_50      ; 0.000        ; 0.081      ; 1.494      ;
; 1.227 ; clk_div:div|tick_cnt[2]  ; clk_div:div|tick_cnt[8]  ; clk_50       ; clk_50      ; 0.000        ; 0.081      ; 1.494      ;
; 1.235 ; clk_div:div|tick_cnt[0]  ; clk_div:div|tick_cnt[5]  ; clk_50       ; clk_50      ; 0.000        ; 0.081      ; 1.502      ;
; 1.236 ; clk_div:div|tick_cnt[12] ; clk_div:div|tick_cnt[17] ; clk_50       ; clk_50      ; 0.000        ; 0.079      ; 1.501      ;
; 1.236 ; clk_div:div|tick_cnt[18] ; clk_div:div|tick_cnt[23] ; clk_50       ; clk_50      ; 0.000        ; 0.081      ; 1.503      ;
; 1.239 ; clk_div:div|tick_cnt[4]  ; clk_div:div|tick_cnt[9]  ; clk_50       ; clk_50      ; 0.000        ; 0.081      ; 1.506      ;
; 1.241 ; clk_div:div|tick_cnt[12] ; clk_div:div|tick_cnt[18] ; clk_50       ; clk_50      ; 0.000        ; 0.079      ; 1.506      ;
; 1.241 ; clk_div:div|tick_cnt[18] ; clk_div:div|tick_cnt[24] ; clk_50       ; clk_50      ; 0.000        ; 0.081      ; 1.508      ;
; 1.244 ; clk_div:div|tick_cnt[4]  ; clk_div:div|tick_cnt[10] ; clk_50       ; clk_50      ; 0.000        ; 0.081      ; 1.511      ;
; 1.265 ; clk_div:div|tick_cnt[22] ; clk_div:div|tick_cnt[25] ; clk_50       ; clk_50      ; 0.000        ; 0.080      ; 1.531      ;
; 1.279 ; clk_div:div|tick_cnt[21] ; clk_div:div|tick_cnt[23] ; clk_50       ; clk_50      ; 0.000        ; 0.080      ; 1.545      ;
; 1.289 ; clk_div:div|tick_cnt[19] ; clk_div:div|tick_cnt[21] ; clk_50       ; clk_50      ; 0.000        ; 0.082      ; 1.557      ;
; 1.292 ; clk_div:div|tick_cnt[19] ; clk_div:div|tick_cnt[13] ; clk_50       ; clk_50      ; 0.000        ; 0.082      ; 1.560      ;
; 1.293 ; clk_div:div|tick_cnt[19] ; clk_div:div|tick_cnt[14] ; clk_50       ; clk_50      ; 0.000        ; 0.082      ; 1.561      ;
; 1.293 ; clk_div:div|tick_cnt[19] ; clk_div:div|tick_cnt[20] ; clk_50       ; clk_50      ; 0.000        ; 0.082      ; 1.561      ;
; 1.294 ; clk_div:div|tick_cnt[19] ; clk_div:div|tick_cnt[22] ; clk_50       ; clk_50      ; 0.000        ; 0.082      ; 1.562      ;
; 1.296 ; clk_div:div|tick_cnt[19] ; clk_div:div|tick_cnt[11] ; clk_50       ; clk_50      ; 0.000        ; 0.082      ; 1.564      ;
; 1.297 ; clk_div:div|tick_cnt[19] ; clk_div:div|tick_cnt[6]  ; clk_50       ; clk_50      ; 0.000        ; 0.082      ; 1.565      ;
; 1.301 ; clk_div:div|tick_cnt[21] ; clk_div:div|tick_cnt[24] ; clk_50       ; clk_50      ; 0.000        ; 0.080      ; 1.567      ;
; 1.311 ; clk_div:div|tick_cnt[14] ; clk_div:div|tick_cnt[17] ; clk_50       ; clk_50      ; 0.000        ; 0.080      ; 1.577      ;
; 1.312 ; clk_div:div|tick_cnt[20] ; clk_div:div|tick_cnt[23] ; clk_50       ; clk_50      ; 0.000        ; 0.080      ; 1.578      ;
; 1.316 ; clk_div:div|tick_cnt[14] ; clk_div:div|tick_cnt[18] ; clk_50       ; clk_50      ; 0.000        ; 0.080      ; 1.582      ;
; 1.317 ; clk_div:div|tick_cnt[20] ; clk_div:div|tick_cnt[24] ; clk_50       ; clk_50      ; 0.000        ; 0.080      ; 1.583      ;
; 1.325 ; clk_div:div|tick_cnt[18] ; clk_div:div|tick_cnt[19] ; clk_50       ; clk_50      ; 0.000        ; 0.081      ; 1.592      ;
; 1.333 ; clk_div:div|tick_cnt[9]  ; clk_div:div|tick_cnt[15] ; clk_50       ; clk_50      ; 0.000        ; 0.079      ; 1.598      ;
; 1.338 ; clk_div:div|tick_cnt[9]  ; clk_div:div|tick_cnt[16] ; clk_50       ; clk_50      ; 0.000        ; 0.079      ; 1.603      ;
; 1.338 ; clk_div:div|tick_cnt[1]  ; clk_div:div|tick_cnt[8]  ; clk_50       ; clk_50      ; 0.000        ; 0.081      ; 1.605      ;
; 1.345 ; clk_div:div|tick_cnt[22] ; clk_div:div|tick_cnt[22] ; clk_50       ; clk_50      ; 0.000        ; 0.081      ; 1.612      ;
; 1.345 ; clk_div:div|tick_cnt[3]  ; clk_div:div|tick_cnt[9]  ; clk_50       ; clk_50      ; 0.000        ; 0.081      ; 1.612      ;
; 1.347 ; clk_div:div|tick_cnt[17] ; clk_div:div|tick_cnt[23] ; clk_50       ; clk_50      ; 0.000        ; 0.081      ; 1.614      ;
; 1.348 ; clk_div:div|tick_cnt[10] ; clk_div:div|tick_cnt[17] ; clk_50       ; clk_50      ; 0.000        ; 0.079      ; 1.613      ;
+-------+--------------------------+--------------------------+--------------+-------------+--------------+------------+------------+


-----------------------------------------------
; Slow 1200mV 85C Model Metastability Summary ;
-----------------------------------------------
No synchronizer chains to report.


+------------------------------------------------------------------------------------------------------+
; Slow 1200mV 0C Model Fmax Summary                                                                    ;
+-------------+-----------------+---------------------+------------------------------------------------+
; Fmax        ; Restricted Fmax ; Clock Name          ; Note                                           ;
+-------------+-----------------+---------------------+------------------------------------------------+
; 219.11 MHz  ; 219.11 MHz      ; clk_50              ;                                                ;
; 1206.27 MHz ; 437.64 MHz      ; clk_div:div|clk_out ; limit due to minimum period restriction (tmin) ;
+-------------+-----------------+---------------------+------------------------------------------------+
This panel reports FMAX for every clock in the design, regardless of the user-specified clock periods.  FMAX is only computed for paths where the source and destination registers or ports are driven by the same clock.  Paths of different clocks, including generated clocks, are ignored.  For paths between a clock and its inversion, FMAX is computed as if the rising and falling edges are scaled along with FMAX, such that the duty cycle (in terms of a percentage) is maintained. Altera recommends that you always use clock constraints and other slack reports for sign-off analysis.


+----------------------------------------------+
; Slow 1200mV 0C Model Setup Summary           ;
+---------------------+--------+---------------+
; Clock               ; Slack  ; End Point TNS ;
+---------------------+--------+---------------+
; clk_50              ; -3.564 ; -45.511       ;
; clk_div:div|clk_out ; 0.171  ; 0.000         ;
+---------------------+--------+---------------+


+---------------------------------------------+
; Slow 1200mV 0C Model Hold Summary           ;
+---------------------+-------+---------------+
; Clock               ; Slack ; End Point TNS ;
+---------------------+-------+---------------+
; clk_div:div|clk_out ; 0.406 ; 0.000         ;
; clk_50              ; 0.584 ; 0.000         ;
+---------------------+-------+---------------+


-----------------------------------------
; Slow 1200mV 0C Model Recovery Summary ;
-----------------------------------------
No paths to report.


----------------------------------------
; Slow 1200mV 0C Model Removal Summary ;
----------------------------------------
No paths to report.


+--------------------------------------------------+
; Slow 1200mV 0C Model Minimum Pulse Width Summary ;
+---------------------+--------+-------------------+
; Clock               ; Slack  ; End Point TNS     ;
+---------------------+--------+-------------------+
; clk_50              ; -3.000 ; -38.980           ;
; clk_div:div|clk_out ; -1.285 ; -5.140            ;
+---------------------+--------+-------------------+


+------------------------------------------------------------------------------------------------------------------------------------+
; Slow 1200mV 0C Model Setup: 'clk_50'                                                                                               ;
+--------+--------------------------+--------------------------+--------------+-------------+--------------+------------+------------+
; Slack  ; From Node                ; To Node                  ; Launch Clock ; Latch Clock ; Relationship ; Clock Skew ; Data Delay ;
+--------+--------------------------+--------------------------+--------------+-------------+--------------+------------+------------+
; -3.564 ; clk_div:div|tick_cnt[15] ; clk_div:div|clk_out      ; clk_50       ; clk_50      ; 1.000        ; -0.071     ; 4.492      ;
; -3.548 ; clk_div:div|tick_cnt[12] ; clk_div:div|clk_out      ; clk_50       ; clk_50      ; 1.000        ; -0.075     ; 4.472      ;
; -3.464 ; clk_div:div|tick_cnt[8]  ; clk_div:div|clk_out      ; clk_50       ; clk_50      ; 1.000        ; -0.075     ; 4.388      ;
; -3.458 ; clk_div:div|tick_cnt[9]  ; clk_div:div|clk_out      ; clk_50       ; clk_50      ; 1.000        ; -0.075     ; 4.382      ;
; -3.423 ; clk_div:div|tick_cnt[5]  ; clk_div:div|clk_out      ; clk_50       ; clk_50      ; 1.000        ; -0.075     ; 4.347      ;
; -3.410 ; clk_div:div|tick_cnt[3]  ; clk_div:div|clk_out      ; clk_50       ; clk_50      ; 1.000        ; -0.075     ; 4.334      ;
; -3.391 ; clk_div:div|tick_cnt[2]  ; clk_div:div|clk_out      ; clk_50       ; clk_50      ; 1.000        ; -0.075     ; 4.315      ;
; -3.390 ; clk_div:div|tick_cnt[0]  ; clk_div:div|clk_out      ; clk_50       ; clk_50      ; 1.000        ; -0.075     ; 4.314      ;
; -3.375 ; clk_div:div|tick_cnt[1]  ; clk_div:div|clk_out      ; clk_50       ; clk_50      ; 1.000        ; -0.075     ; 4.299      ;
; -3.363 ; clk_div:div|tick_cnt[4]  ; clk_div:div|clk_out      ; clk_50       ; clk_50      ; 1.000        ; -0.075     ; 4.287      ;
; -3.355 ; clk_div:div|tick_cnt[10] ; clk_div:div|clk_out      ; clk_50       ; clk_50      ; 1.000        ; -0.075     ; 4.279      ;
; -3.183 ; clk_div:div|tick_cnt[7]  ; clk_div:div|clk_out      ; clk_50       ; clk_50      ; 1.000        ; -0.075     ; 4.107      ;
; -3.117 ; clk_div:div|tick_cnt[11] ; clk_div:div|clk_out      ; clk_50       ; clk_50      ; 1.000        ; -0.072     ; 4.044      ;
; -3.066 ; clk_div:div|tick_cnt[24] ; clk_div:div|clk_out      ; clk_50       ; clk_50      ; 1.000        ; -0.071     ; 3.994      ;
; -3.048 ; clk_div:div|tick_cnt[13] ; clk_div:div|clk_out      ; clk_50       ; clk_50      ; 1.000        ; -0.072     ; 3.975      ;
; -3.036 ; clk_div:div|tick_cnt[20] ; clk_div:div|clk_out      ; clk_50       ; clk_50      ; 1.000        ; -0.072     ; 3.963      ;
; -3.031 ; clk_div:div|tick_cnt[22] ; clk_div:div|clk_out      ; clk_50       ; clk_50      ; 1.000        ; -0.072     ; 3.958      ;
; -3.030 ; clk_div:div|tick_cnt[26] ; clk_div:div|clk_out      ; clk_50       ; clk_50      ; 1.000        ; -0.071     ; 3.958      ;
; -3.025 ; clk_div:div|tick_cnt[23] ; clk_div:div|clk_out      ; clk_50       ; clk_50      ; 1.000        ; -0.071     ; 3.953      ;
; -2.997 ; clk_div:div|tick_cnt[6]  ; clk_div:div|clk_out      ; clk_50       ; clk_50      ; 1.000        ; -0.072     ; 3.924      ;
; -2.938 ; clk_div:div|tick_cnt[25] ; clk_div:div|clk_out      ; clk_50       ; clk_50      ; 1.000        ; -0.071     ; 3.866      ;
; -2.901 ; clk_div:div|tick_cnt[14] ; clk_div:div|clk_out      ; clk_50       ; clk_50      ; 1.000        ; -0.072     ; 3.828      ;
; -2.853 ; clk_div:div|tick_cnt[16] ; clk_div:div|clk_out      ; clk_50       ; clk_50      ; 1.000        ; -0.071     ; 3.781      ;
; -2.850 ; clk_div:div|tick_cnt[18] ; clk_div:div|clk_out      ; clk_50       ; clk_50      ; 1.000        ; -0.071     ; 3.778      ;
; -2.788 ; clk_div:div|tick_cnt[21] ; clk_div:div|clk_out      ; clk_50       ; clk_50      ; 1.000        ; -0.072     ; 3.715      ;
; -2.767 ; clk_div:div|tick_cnt[17] ; clk_div:div|clk_out      ; clk_50       ; clk_50      ; 1.000        ; -0.071     ; 3.695      ;
; -2.619 ; clk_div:div|tick_cnt[19] ; clk_div:div|clk_out      ; clk_50       ; clk_50      ; 1.000        ; -0.071     ; 3.547      ;
; -2.482 ; clk_div:div|tick_cnt[1]  ; clk_div:div|tick_cnt[26] ; clk_50       ; clk_50      ; 1.000        ; -0.076     ; 3.405      ;
; -2.462 ; clk_div:div|tick_cnt[6]  ; clk_div:div|tick_cnt[26] ; clk_50       ; clk_50      ; 1.000        ; -0.073     ; 3.388      ;
; -2.418 ; clk_div:div|tick_cnt[0]  ; clk_div:div|tick_cnt[26] ; clk_50       ; clk_50      ; 1.000        ; -0.076     ; 3.341      ;
; -2.373 ; clk_div:div|tick_cnt[3]  ; clk_div:div|tick_cnt[26] ; clk_50       ; clk_50      ; 1.000        ; -0.076     ; 3.296      ;
; -2.338 ; clk_div:div|tick_cnt[1]  ; clk_div:div|tick_cnt[20] ; clk_50       ; clk_50      ; 1.000        ; -0.075     ; 3.262      ;
; -2.326 ; clk_div:div|tick_cnt[11] ; clk_div:div|tick_cnt[26] ; clk_50       ; clk_50      ; 1.000        ; -0.073     ; 3.252      ;
; -2.325 ; clk_div:div|tick_cnt[1]  ; clk_div:div|tick_cnt[22] ; clk_50       ; clk_50      ; 1.000        ; -0.075     ; 3.249      ;
; -2.295 ; clk_div:div|tick_cnt[2]  ; clk_div:div|tick_cnt[26] ; clk_50       ; clk_50      ; 1.000        ; -0.076     ; 3.218      ;
; -2.293 ; clk_div:div|tick_cnt[6]  ; clk_div:div|tick_cnt[21] ; clk_50       ; clk_50      ; 1.000        ; -0.072     ; 3.220      ;
; -2.274 ; clk_div:div|tick_cnt[6]  ; clk_div:div|tick_cnt[11] ; clk_50       ; clk_50      ; 1.000        ; -0.072     ; 3.201      ;
; -2.274 ; clk_div:div|tick_cnt[0]  ; clk_div:div|tick_cnt[20] ; clk_50       ; clk_50      ; 1.000        ; -0.075     ; 3.198      ;
; -2.273 ; clk_div:div|tick_cnt[6]  ; clk_div:div|tick_cnt[20] ; clk_50       ; clk_50      ; 1.000        ; -0.072     ; 3.200      ;
; -2.261 ; clk_div:div|tick_cnt[5]  ; clk_div:div|tick_cnt[26] ; clk_50       ; clk_50      ; 1.000        ; -0.076     ; 3.184      ;
; -2.261 ; clk_div:div|tick_cnt[0]  ; clk_div:div|tick_cnt[22] ; clk_50       ; clk_50      ; 1.000        ; -0.075     ; 3.185      ;
; -2.260 ; clk_div:div|tick_cnt[6]  ; clk_div:div|tick_cnt[22] ; clk_50       ; clk_50      ; 1.000        ; -0.072     ; 3.187      ;
; -2.247 ; clk_div:div|tick_cnt[15] ; clk_div:div|tick_cnt[7]  ; clk_50       ; clk_50      ; 1.000        ; -0.069     ; 3.177      ;
; -2.229 ; clk_div:div|tick_cnt[3]  ; clk_div:div|tick_cnt[20] ; clk_50       ; clk_50      ; 1.000        ; -0.075     ; 3.153      ;
; -2.216 ; clk_div:div|tick_cnt[3]  ; clk_div:div|tick_cnt[22] ; clk_50       ; clk_50      ; 1.000        ; -0.075     ; 3.140      ;
; -2.207 ; clk_div:div|tick_cnt[0]  ; clk_div:div|tick_cnt[21] ; clk_50       ; clk_50      ; 1.000        ; -0.075     ; 3.131      ;
; -2.194 ; clk_div:div|tick_cnt[12] ; clk_div:div|tick_cnt[7]  ; clk_50       ; clk_50      ; 1.000        ; -0.073     ; 3.120      ;
; -2.188 ; clk_div:div|tick_cnt[0]  ; clk_div:div|tick_cnt[11] ; clk_50       ; clk_50      ; 1.000        ; -0.075     ; 3.112      ;
; -2.185 ; clk_div:div|tick_cnt[1]  ; clk_div:div|tick_cnt[14] ; clk_50       ; clk_50      ; 1.000        ; -0.075     ; 3.109      ;
; -2.182 ; clk_div:div|tick_cnt[4]  ; clk_div:div|tick_cnt[26] ; clk_50       ; clk_50      ; 1.000        ; -0.076     ; 3.105      ;
; -2.182 ; clk_div:div|tick_cnt[11] ; clk_div:div|tick_cnt[20] ; clk_50       ; clk_50      ; 1.000        ; -0.072     ; 3.109      ;
; -2.169 ; clk_div:div|tick_cnt[11] ; clk_div:div|tick_cnt[22] ; clk_50       ; clk_50      ; 1.000        ; -0.072     ; 3.096      ;
; -2.152 ; clk_div:div|tick_cnt[15] ; clk_div:div|tick_cnt[19] ; clk_50       ; clk_50      ; 1.000        ; -0.072     ; 3.079      ;
; -2.151 ; clk_div:div|tick_cnt[2]  ; clk_div:div|tick_cnt[20] ; clk_50       ; clk_50      ; 1.000        ; -0.075     ; 3.075      ;
; -2.147 ; clk_div:div|tick_cnt[8]  ; clk_div:div|tick_cnt[7]  ; clk_50       ; clk_50      ; 1.000        ; -0.073     ; 3.073      ;
; -2.141 ; clk_div:div|tick_cnt[9]  ; clk_div:div|tick_cnt[7]  ; clk_50       ; clk_50      ; 1.000        ; -0.073     ; 3.067      ;
; -2.138 ; clk_div:div|tick_cnt[2]  ; clk_div:div|tick_cnt[22] ; clk_50       ; clk_50      ; 1.000        ; -0.075     ; 3.062      ;
; -2.135 ; clk_div:div|tick_cnt[7]  ; clk_div:div|tick_cnt[26] ; clk_50       ; clk_50      ; 1.000        ; -0.076     ; 3.058      ;
; -2.122 ; clk_div:div|tick_cnt[1]  ; clk_div:div|tick_cnt[21] ; clk_50       ; clk_50      ; 1.000        ; -0.075     ; 3.046      ;
; -2.121 ; clk_div:div|tick_cnt[0]  ; clk_div:div|tick_cnt[14] ; clk_50       ; clk_50      ; 1.000        ; -0.075     ; 3.045      ;
; -2.120 ; clk_div:div|tick_cnt[6]  ; clk_div:div|tick_cnt[14] ; clk_50       ; clk_50      ; 1.000        ; -0.072     ; 3.047      ;
; -2.118 ; clk_div:div|tick_cnt[13] ; clk_div:div|tick_cnt[26] ; clk_50       ; clk_50      ; 1.000        ; -0.073     ; 3.044      ;
; -2.117 ; clk_div:div|tick_cnt[5]  ; clk_div:div|tick_cnt[20] ; clk_50       ; clk_50      ; 1.000        ; -0.075     ; 3.041      ;
; -2.104 ; clk_div:div|tick_cnt[5]  ; clk_div:div|tick_cnt[22] ; clk_50       ; clk_50      ; 1.000        ; -0.075     ; 3.028      ;
; -2.103 ; clk_div:div|tick_cnt[1]  ; clk_div:div|tick_cnt[11] ; clk_50       ; clk_50      ; 1.000        ; -0.075     ; 3.027      ;
; -2.099 ; clk_div:div|tick_cnt[12] ; clk_div:div|tick_cnt[19] ; clk_50       ; clk_50      ; 1.000        ; -0.076     ; 3.022      ;
; -2.089 ; clk_div:div|tick_cnt[5]  ; clk_div:div|tick_cnt[7]  ; clk_50       ; clk_50      ; 1.000        ; -0.073     ; 3.015      ;
; -2.085 ; clk_div:div|tick_cnt[3]  ; clk_div:div|tick_cnt[7]  ; clk_50       ; clk_50      ; 1.000        ; -0.073     ; 3.011      ;
; -2.080 ; clk_div:div|tick_cnt[2]  ; clk_div:div|tick_cnt[21] ; clk_50       ; clk_50      ; 1.000        ; -0.075     ; 3.004      ;
; -2.076 ; clk_div:div|tick_cnt[3]  ; clk_div:div|tick_cnt[14] ; clk_50       ; clk_50      ; 1.000        ; -0.075     ; 3.000      ;
; -2.073 ; clk_div:div|tick_cnt[0]  ; clk_div:div|tick_cnt[7]  ; clk_50       ; clk_50      ; 1.000        ; -0.073     ; 2.999      ;
; -2.061 ; clk_div:div|tick_cnt[2]  ; clk_div:div|tick_cnt[11] ; clk_50       ; clk_50      ; 1.000        ; -0.075     ; 2.985      ;
; -2.052 ; clk_div:div|tick_cnt[8]  ; clk_div:div|tick_cnt[19] ; clk_50       ; clk_50      ; 1.000        ; -0.076     ; 2.975      ;
; -2.046 ; clk_div:div|tick_cnt[9]  ; clk_div:div|tick_cnt[19] ; clk_50       ; clk_50      ; 1.000        ; -0.076     ; 2.969      ;
; -2.038 ; clk_div:div|tick_cnt[4]  ; clk_div:div|tick_cnt[20] ; clk_50       ; clk_50      ; 1.000        ; -0.075     ; 2.962      ;
; -2.038 ; clk_div:div|tick_cnt[10] ; clk_div:div|tick_cnt[7]  ; clk_50       ; clk_50      ; 1.000        ; -0.073     ; 2.964      ;
; -2.029 ; clk_div:div|tick_cnt[11] ; clk_div:div|tick_cnt[14] ; clk_50       ; clk_50      ; 1.000        ; -0.072     ; 2.956      ;
; -2.027 ; clk_div:div|tick_cnt[6]  ; clk_div:div|tick_cnt[25] ; clk_50       ; clk_50      ; 1.000        ; -0.073     ; 2.953      ;
; -2.025 ; clk_div:div|tick_cnt[4]  ; clk_div:div|tick_cnt[22] ; clk_50       ; clk_50      ; 1.000        ; -0.075     ; 2.949      ;
; -2.017 ; clk_div:div|tick_cnt[9]  ; clk_div:div|tick_cnt[26] ; clk_50       ; clk_50      ; 1.000        ; -0.076     ; 2.940      ;
; -2.013 ; clk_div:div|tick_cnt[3]  ; clk_div:div|tick_cnt[21] ; clk_50       ; clk_50      ; 1.000        ; -0.075     ; 2.937      ;
; -2.013 ; clk_div:div|tick_cnt[6]  ; clk_div:div|tick_cnt[19] ; clk_50       ; clk_50      ; 1.000        ; -0.073     ; 2.939      ;
; -2.007 ; clk_div:div|tick_cnt[1]  ; clk_div:div|tick_cnt[7]  ; clk_50       ; clk_50      ; 1.000        ; -0.073     ; 2.933      ;
; -2.005 ; clk_div:div|tick_cnt[2]  ; clk_div:div|tick_cnt[7]  ; clk_50       ; clk_50      ; 1.000        ; -0.073     ; 2.931      ;
; -1.998 ; clk_div:div|tick_cnt[2]  ; clk_div:div|tick_cnt[14] ; clk_50       ; clk_50      ; 1.000        ; -0.075     ; 2.922      ;
; -1.994 ; clk_div:div|tick_cnt[5]  ; clk_div:div|tick_cnt[19] ; clk_50       ; clk_50      ; 1.000        ; -0.076     ; 2.917      ;
; -1.994 ; clk_div:div|tick_cnt[3]  ; clk_div:div|tick_cnt[11] ; clk_50       ; clk_50      ; 1.000        ; -0.075     ; 2.918      ;
; -1.991 ; clk_div:div|tick_cnt[7]  ; clk_div:div|tick_cnt[20] ; clk_50       ; clk_50      ; 1.000        ; -0.075     ; 2.915      ;
; -1.990 ; clk_div:div|tick_cnt[4]  ; clk_div:div|tick_cnt[7]  ; clk_50       ; clk_50      ; 1.000        ; -0.073     ; 2.916      ;
; -1.990 ; clk_div:div|tick_cnt[3]  ; clk_div:div|tick_cnt[19] ; clk_50       ; clk_50      ; 1.000        ; -0.076     ; 2.913      ;
; -1.987 ; clk_div:div|tick_cnt[6]  ; clk_div:div|tick_cnt[13] ; clk_50       ; clk_50      ; 1.000        ; -0.072     ; 2.914      ;
; -1.980 ; clk_div:div|tick_cnt[4]  ; clk_div:div|tick_cnt[21] ; clk_50       ; clk_50      ; 1.000        ; -0.075     ; 2.904      ;
; -1.978 ; clk_div:div|tick_cnt[7]  ; clk_div:div|tick_cnt[22] ; clk_50       ; clk_50      ; 1.000        ; -0.075     ; 2.902      ;
; -1.978 ; clk_div:div|tick_cnt[0]  ; clk_div:div|tick_cnt[19] ; clk_50       ; clk_50      ; 1.000        ; -0.076     ; 2.901      ;
; -1.976 ; clk_div:div|tick_cnt[11] ; clk_div:div|tick_cnt[21] ; clk_50       ; clk_50      ; 1.000        ; -0.072     ; 2.903      ;
; -1.974 ; clk_div:div|tick_cnt[13] ; clk_div:div|tick_cnt[20] ; clk_50       ; clk_50      ; 1.000        ; -0.072     ; 2.901      ;
; -1.964 ; clk_div:div|tick_cnt[5]  ; clk_div:div|tick_cnt[14] ; clk_50       ; clk_50      ; 1.000        ; -0.075     ; 2.888      ;
; -1.961 ; clk_div:div|tick_cnt[13] ; clk_div:div|tick_cnt[22] ; clk_50       ; clk_50      ; 1.000        ; -0.072     ; 2.888      ;
; -1.961 ; clk_div:div|tick_cnt[4]  ; clk_div:div|tick_cnt[11] ; clk_50       ; clk_50      ; 1.000        ; -0.075     ; 2.885      ;
; -1.945 ; clk_div:div|tick_cnt[8]  ; clk_div:div|tick_cnt[26] ; clk_50       ; clk_50      ; 1.000        ; -0.076     ; 2.868      ;
+--------+--------------------------+--------------------------+--------------+-------------+--------------+------------+------------+


+------------------------------------------------------------------------------------------------------------------+
; Slow 1200mV 0C Model Setup: 'clk_div:div|clk_out'                                                                ;
+-------+-----------+---------+---------------------+---------------------+--------------+------------+------------+
; Slack ; From Node ; To Node ; Launch Clock        ; Latch Clock         ; Relationship ; Clock Skew ; Data Delay ;
+-------+-----------+---------+---------------------+---------------------+--------------+------------+------------+
; 0.171 ; pre.S2    ; pre.S1  ; clk_div:div|clk_out ; clk_div:div|clk_out ; 1.000        ; -0.073     ; 0.755      ;
; 0.185 ; pre.S2    ; pre.S3  ; clk_div:div|clk_out ; clk_div:div|clk_out ; 1.000        ; -0.073     ; 0.741      ;
; 0.185 ; pre.S1    ; pre.S0  ; clk_div:div|clk_out ; clk_div:div|clk_out ; 1.000        ; -0.073     ; 0.741      ;
; 0.185 ; pre.S1    ; pre.S2  ; clk_div:div|clk_out ; clk_div:div|clk_out ; 1.000        ; -0.073     ; 0.741      ;
+-------+-----------+---------+---------------------+---------------------+--------------+------------+------------+


+------------------------------------------------------------------------------------------------------------------+
; Slow 1200mV 0C Model Hold: 'clk_div:div|clk_out'                                                                 ;
+-------+-----------+---------+---------------------+---------------------+--------------+------------+------------+
; Slack ; From Node ; To Node ; Launch Clock        ; Latch Clock         ; Relationship ; Clock Skew ; Data Delay ;
+-------+-----------+---------+---------------------+---------------------+--------------+------------+------------+
; 0.406 ; pre.S2    ; pre.S1  ; clk_div:div|clk_out ; clk_div:div|clk_out ; 0.000        ; 0.073      ; 0.650      ;
; 0.422 ; pre.S2    ; pre.S3  ; clk_div:div|clk_out ; clk_div:div|clk_out ; 0.000        ; 0.073      ; 0.666      ;
; 0.422 ; pre.S1    ; pre.S0  ; clk_div:div|clk_out ; clk_div:div|clk_out ; 0.000        ; 0.073      ; 0.666      ;
; 0.422 ; pre.S1    ; pre.S2  ; clk_div:div|clk_out ; clk_div:div|clk_out ; 0.000        ; 0.073      ; 0.666      ;
+-------+-----------+---------+---------------------+---------------------+--------------+------------+------------+


+-----------------------------------------------------------------------------------------------------------------------------------+
; Slow 1200mV 0C Model Hold: 'clk_50'                                                                                               ;
+-------+--------------------------+--------------------------+--------------+-------------+--------------+------------+------------+
; Slack ; From Node                ; To Node                  ; Launch Clock ; Latch Clock ; Relationship ; Clock Skew ; Data Delay ;
+-------+--------------------------+--------------------------+--------------+-------------+--------------+------------+------------+
; 0.584 ; clk_div:div|tick_cnt[10] ; clk_div:div|tick_cnt[10] ; clk_50       ; clk_50      ; 0.000        ; 0.073      ; 0.828      ;
; 0.585 ; clk_div:div|tick_cnt[8]  ; clk_div:div|tick_cnt[8]  ; clk_50       ; clk_50      ; 0.000        ; 0.073      ; 0.829      ;
; 0.586 ; clk_div:div|tick_cnt[9]  ; clk_div:div|tick_cnt[9]  ; clk_50       ; clk_50      ; 0.000        ; 0.073      ; 0.830      ;
; 0.587 ; clk_div:div|tick_cnt[2]  ; clk_div:div|tick_cnt[2]  ; clk_50       ; clk_50      ; 0.000        ; 0.073      ; 0.831      ;
; 0.588 ; clk_div:div|tick_cnt[1]  ; clk_div:div|tick_cnt[1]  ; clk_50       ; clk_50      ; 0.000        ; 0.073      ; 0.832      ;
; 0.597 ; clk_div:div|tick_cnt[12] ; clk_div:div|tick_cnt[12] ; clk_50       ; clk_50      ; 0.000        ; 0.073      ; 0.841      ;
; 0.598 ; clk_div:div|tick_cnt[3]  ; clk_div:div|tick_cnt[3]  ; clk_50       ; clk_50      ; 0.000        ; 0.073      ; 0.842      ;
; 0.600 ; clk_div:div|tick_cnt[24] ; clk_div:div|tick_cnt[24] ; clk_50       ; clk_50      ; 0.000        ; 0.072      ; 0.843      ;
; 0.600 ; clk_div:div|tick_cnt[18] ; clk_div:div|tick_cnt[18] ; clk_50       ; clk_50      ; 0.000        ; 0.072      ; 0.843      ;
; 0.600 ; clk_div:div|tick_cnt[16] ; clk_div:div|tick_cnt[16] ; clk_50       ; clk_50      ; 0.000        ; 0.072      ; 0.843      ;
; 0.601 ; clk_div:div|tick_cnt[5]  ; clk_div:div|tick_cnt[5]  ; clk_50       ; clk_50      ; 0.000        ; 0.073      ; 0.845      ;
; 0.602 ; clk_div:div|tick_cnt[17] ; clk_div:div|tick_cnt[17] ; clk_50       ; clk_50      ; 0.000        ; 0.072      ; 0.845      ;
; 0.602 ; clk_div:div|tick_cnt[15] ; clk_div:div|tick_cnt[15] ; clk_50       ; clk_50      ; 0.000        ; 0.072      ; 0.845      ;
; 0.603 ; clk_div:div|tick_cnt[23] ; clk_div:div|tick_cnt[23] ; clk_50       ; clk_50      ; 0.000        ; 0.072      ; 0.846      ;
; 0.603 ; clk_div:div|tick_cnt[25] ; clk_div:div|tick_cnt[25] ; clk_50       ; clk_50      ; 0.000        ; 0.072      ; 0.846      ;
; 0.603 ; clk_div:div|tick_cnt[4]  ; clk_div:div|tick_cnt[4]  ; clk_50       ; clk_50      ; 0.000        ; 0.073      ; 0.847      ;
; 0.617 ; clk_div:div|tick_cnt[0]  ; clk_div:div|tick_cnt[0]  ; clk_50       ; clk_50      ; 0.000        ; 0.073      ; 0.861      ;
; 0.873 ; clk_div:div|tick_cnt[9]  ; clk_div:div|tick_cnt[10] ; clk_50       ; clk_50      ; 0.000        ; 0.073      ; 1.117      ;
; 0.873 ; clk_div:div|tick_cnt[8]  ; clk_div:div|tick_cnt[9]  ; clk_50       ; clk_50      ; 0.000        ; 0.073      ; 1.117      ;
; 0.875 ; clk_div:div|tick_cnt[1]  ; clk_div:div|tick_cnt[2]  ; clk_50       ; clk_50      ; 0.000        ; 0.073      ; 1.119      ;
; 0.875 ; clk_div:div|tick_cnt[2]  ; clk_div:div|tick_cnt[3]  ; clk_50       ; clk_50      ; 0.000        ; 0.073      ; 1.119      ;
; 0.876 ; clk_div:div|tick_cnt[7]  ; clk_div:div|tick_cnt[8]  ; clk_50       ; clk_50      ; 0.000        ; 0.073      ; 1.120      ;
; 0.883 ; clk_div:div|tick_cnt[10] ; clk_div:div|tick_cnt[12] ; clk_50       ; clk_50      ; 0.000        ; 0.073      ; 1.127      ;
; 0.884 ; clk_div:div|tick_cnt[3]  ; clk_div:div|tick_cnt[4]  ; clk_50       ; clk_50      ; 0.000        ; 0.073      ; 1.128      ;
; 0.884 ; clk_div:div|tick_cnt[8]  ; clk_div:div|tick_cnt[10] ; clk_50       ; clk_50      ; 0.000        ; 0.073      ; 1.128      ;
; 0.886 ; clk_div:div|tick_cnt[0]  ; clk_div:div|tick_cnt[1]  ; clk_50       ; clk_50      ; 0.000        ; 0.073      ; 1.130      ;
; 0.886 ; clk_div:div|tick_cnt[2]  ; clk_div:div|tick_cnt[4]  ; clk_50       ; clk_50      ; 0.000        ; 0.073      ; 1.130      ;
; 0.888 ; clk_div:div|tick_cnt[16] ; clk_div:div|tick_cnt[17] ; clk_50       ; clk_50      ; 0.000        ; 0.072      ; 1.131      ;
; 0.888 ; clk_div:div|tick_cnt[24] ; clk_div:div|tick_cnt[25] ; clk_50       ; clk_50      ; 0.000        ; 0.072      ; 1.131      ;
; 0.889 ; clk_div:div|tick_cnt[17] ; clk_div:div|tick_cnt[18] ; clk_50       ; clk_50      ; 0.000        ; 0.072      ; 1.132      ;
; 0.889 ; clk_div:div|tick_cnt[15] ; clk_div:div|tick_cnt[16] ; clk_50       ; clk_50      ; 0.000        ; 0.072      ; 1.132      ;
; 0.890 ; clk_div:div|tick_cnt[23] ; clk_div:div|tick_cnt[24] ; clk_50       ; clk_50      ; 0.000        ; 0.072      ; 1.133      ;
; 0.891 ; clk_div:div|tick_cnt[4]  ; clk_div:div|tick_cnt[5]  ; clk_50       ; clk_50      ; 0.000        ; 0.073      ; 1.135      ;
; 0.897 ; clk_div:div|tick_cnt[0]  ; clk_div:div|tick_cnt[2]  ; clk_50       ; clk_50      ; 0.000        ; 0.073      ; 1.141      ;
; 0.899 ; clk_div:div|tick_cnt[16] ; clk_div:div|tick_cnt[18] ; clk_50       ; clk_50      ; 0.000        ; 0.072      ; 1.142      ;
; 0.925 ; clk_div:div|tick_cnt[19] ; clk_div:div|tick_cnt[19] ; clk_50       ; clk_50      ; 0.000        ; 0.072      ; 1.168      ;
; 0.974 ; clk_div:div|tick_cnt[1]  ; clk_div:div|tick_cnt[3]  ; clk_50       ; clk_50      ; 0.000        ; 0.073      ; 1.218      ;
; 0.975 ; clk_div:div|tick_cnt[7]  ; clk_div:div|tick_cnt[9]  ; clk_50       ; clk_50      ; 0.000        ; 0.073      ; 1.219      ;
; 0.983 ; clk_div:div|tick_cnt[9]  ; clk_div:div|tick_cnt[12] ; clk_50       ; clk_50      ; 0.000        ; 0.073      ; 1.227      ;
; 0.983 ; clk_div:div|tick_cnt[3]  ; clk_div:div|tick_cnt[5]  ; clk_50       ; clk_50      ; 0.000        ; 0.073      ; 1.227      ;
; 0.985 ; clk_div:div|tick_cnt[1]  ; clk_div:div|tick_cnt[4]  ; clk_50       ; clk_50      ; 0.000        ; 0.073      ; 1.229      ;
; 0.985 ; clk_div:div|tick_cnt[2]  ; clk_div:div|tick_cnt[5]  ; clk_50       ; clk_50      ; 0.000        ; 0.073      ; 1.229      ;
; 0.986 ; clk_div:div|tick_cnt[7]  ; clk_div:div|tick_cnt[10] ; clk_50       ; clk_50      ; 0.000        ; 0.073      ; 1.230      ;
; 0.988 ; clk_div:div|tick_cnt[15] ; clk_div:div|tick_cnt[17] ; clk_50       ; clk_50      ; 0.000        ; 0.072      ; 1.231      ;
; 0.989 ; clk_div:div|tick_cnt[23] ; clk_div:div|tick_cnt[25] ; clk_50       ; clk_50      ; 0.000        ; 0.072      ; 1.232      ;
; 0.994 ; clk_div:div|tick_cnt[8]  ; clk_div:div|tick_cnt[12] ; clk_50       ; clk_50      ; 0.000        ; 0.073      ; 1.238      ;
; 0.996 ; clk_div:div|tick_cnt[0]  ; clk_div:div|tick_cnt[3]  ; clk_50       ; clk_50      ; 0.000        ; 0.073      ; 1.240      ;
; 0.998 ; clk_div:div|tick_cnt[5]  ; clk_div:div|tick_cnt[8]  ; clk_50       ; clk_50      ; 0.000        ; 0.073      ; 1.242      ;
; 0.999 ; clk_div:div|tick_cnt[12] ; clk_div:div|tick_cnt[15] ; clk_50       ; clk_50      ; 0.000        ; 0.069      ; 1.239      ;
; 0.999 ; clk_div:div|tick_cnt[15] ; clk_div:div|tick_cnt[18] ; clk_50       ; clk_50      ; 0.000        ; 0.072      ; 1.242      ;
; 1.007 ; clk_div:div|tick_cnt[0]  ; clk_div:div|tick_cnt[4]  ; clk_50       ; clk_50      ; 0.000        ; 0.073      ; 1.251      ;
; 1.010 ; clk_div:div|tick_cnt[12] ; clk_div:div|tick_cnt[16] ; clk_50       ; clk_50      ; 0.000        ; 0.069      ; 1.250      ;
; 1.012 ; clk_div:div|tick_cnt[4]  ; clk_div:div|tick_cnt[8]  ; clk_50       ; clk_50      ; 0.000        ; 0.073      ; 1.256      ;
; 1.030 ; clk_div:div|tick_cnt[26] ; clk_div:div|tick_cnt[26] ; clk_50       ; clk_50      ; 0.000        ; 0.072      ; 1.273      ;
; 1.040 ; clk_div:div|tick_cnt[22] ; clk_div:div|tick_cnt[23] ; clk_50       ; clk_50      ; 0.000        ; 0.071      ; 1.282      ;
; 1.051 ; clk_div:div|tick_cnt[22] ; clk_div:div|tick_cnt[24] ; clk_50       ; clk_50      ; 0.000        ; 0.071      ; 1.293      ;
; 1.066 ; clk_div:div|tick_cnt[14] ; clk_div:div|tick_cnt[15] ; clk_50       ; clk_50      ; 0.000        ; 0.071      ; 1.308      ;
; 1.084 ; clk_div:div|tick_cnt[1]  ; clk_div:div|tick_cnt[5]  ; clk_50       ; clk_50      ; 0.000        ; 0.073      ; 1.328      ;
; 1.096 ; clk_div:div|tick_cnt[7]  ; clk_div:div|tick_cnt[12] ; clk_50       ; clk_50      ; 0.000        ; 0.073      ; 1.340      ;
; 1.096 ; clk_div:div|tick_cnt[10] ; clk_div:div|tick_cnt[15] ; clk_50       ; clk_50      ; 0.000        ; 0.069      ; 1.336      ;
; 1.097 ; clk_div:div|tick_cnt[5]  ; clk_div:div|tick_cnt[9]  ; clk_50       ; clk_50      ; 0.000        ; 0.073      ; 1.341      ;
; 1.097 ; clk_div:div|tick_cnt[14] ; clk_div:div|tick_cnt[16] ; clk_50       ; clk_50      ; 0.000        ; 0.071      ; 1.339      ;
; 1.099 ; clk_div:div|tick_cnt[7]  ; clk_div:div|tick_cnt[7]  ; clk_50       ; clk_50      ; 0.000        ; 0.073      ; 1.343      ;
; 1.099 ; clk_div:div|tick_cnt[19] ; clk_div:div|tick_cnt[23] ; clk_50       ; clk_50      ; 0.000        ; 0.072      ; 1.342      ;
; 1.101 ; clk_div:div|tick_cnt[21] ; clk_div:div|tick_cnt[13] ; clk_50       ; clk_50      ; 0.000        ; 0.072      ; 1.344      ;
; 1.101 ; clk_div:div|tick_cnt[21] ; clk_div:div|tick_cnt[20] ; clk_50       ; clk_50      ; 0.000        ; 0.072      ; 1.344      ;
; 1.104 ; clk_div:div|tick_cnt[3]  ; clk_div:div|tick_cnt[8]  ; clk_50       ; clk_50      ; 0.000        ; 0.073      ; 1.348      ;
; 1.106 ; clk_div:div|tick_cnt[0]  ; clk_div:div|tick_cnt[5]  ; clk_50       ; clk_50      ; 0.000        ; 0.073      ; 1.350      ;
; 1.106 ; clk_div:div|tick_cnt[2]  ; clk_div:div|tick_cnt[8]  ; clk_50       ; clk_50      ; 0.000        ; 0.073      ; 1.350      ;
; 1.107 ; clk_div:div|tick_cnt[10] ; clk_div:div|tick_cnt[16] ; clk_50       ; clk_50      ; 0.000        ; 0.069      ; 1.347      ;
; 1.108 ; clk_div:div|tick_cnt[5]  ; clk_div:div|tick_cnt[10] ; clk_50       ; clk_50      ; 0.000        ; 0.073      ; 1.352      ;
; 1.108 ; clk_div:div|tick_cnt[18] ; clk_div:div|tick_cnt[23] ; clk_50       ; clk_50      ; 0.000        ; 0.072      ; 1.351      ;
; 1.109 ; clk_div:div|tick_cnt[12] ; clk_div:div|tick_cnt[17] ; clk_50       ; clk_50      ; 0.000        ; 0.069      ; 1.349      ;
; 1.110 ; clk_div:div|tick_cnt[19] ; clk_div:div|tick_cnt[24] ; clk_50       ; clk_50      ; 0.000        ; 0.072      ; 1.353      ;
; 1.111 ; clk_div:div|tick_cnt[4]  ; clk_div:div|tick_cnt[9]  ; clk_50       ; clk_50      ; 0.000        ; 0.073      ; 1.355      ;
; 1.119 ; clk_div:div|tick_cnt[18] ; clk_div:div|tick_cnt[24] ; clk_50       ; clk_50      ; 0.000        ; 0.072      ; 1.362      ;
; 1.120 ; clk_div:div|tick_cnt[12] ; clk_div:div|tick_cnt[18] ; clk_50       ; clk_50      ; 0.000        ; 0.069      ; 1.360      ;
; 1.122 ; clk_div:div|tick_cnt[4]  ; clk_div:div|tick_cnt[10] ; clk_50       ; clk_50      ; 0.000        ; 0.073      ; 1.366      ;
; 1.141 ; clk_div:div|tick_cnt[21] ; clk_div:div|tick_cnt[23] ; clk_50       ; clk_50      ; 0.000        ; 0.071      ; 1.383      ;
; 1.150 ; clk_div:div|tick_cnt[22] ; clk_div:div|tick_cnt[25] ; clk_50       ; clk_50      ; 0.000        ; 0.071      ; 1.392      ;
; 1.176 ; clk_div:div|tick_cnt[14] ; clk_div:div|tick_cnt[17] ; clk_50       ; clk_50      ; 0.000        ; 0.071      ; 1.418      ;
; 1.177 ; clk_div:div|tick_cnt[20] ; clk_div:div|tick_cnt[23] ; clk_50       ; clk_50      ; 0.000        ; 0.071      ; 1.419      ;
; 1.194 ; clk_div:div|tick_cnt[18] ; clk_div:div|tick_cnt[19] ; clk_50       ; clk_50      ; 0.000        ; 0.072      ; 1.437      ;
; 1.195 ; clk_div:div|tick_cnt[21] ; clk_div:div|tick_cnt[24] ; clk_50       ; clk_50      ; 0.000        ; 0.071      ; 1.437      ;
; 1.196 ; clk_div:div|tick_cnt[19] ; clk_div:div|tick_cnt[21] ; clk_50       ; clk_50      ; 0.000        ; 0.073      ; 1.440      ;
; 1.196 ; clk_div:div|tick_cnt[9]  ; clk_div:div|tick_cnt[15] ; clk_50       ; clk_50      ; 0.000        ; 0.069      ; 1.436      ;
; 1.199 ; clk_div:div|tick_cnt[19] ; clk_div:div|tick_cnt[13] ; clk_50       ; clk_50      ; 0.000        ; 0.073      ; 1.443      ;
; 1.200 ; clk_div:div|tick_cnt[19] ; clk_div:div|tick_cnt[14] ; clk_50       ; clk_50      ; 0.000        ; 0.073      ; 1.444      ;
; 1.200 ; clk_div:div|tick_cnt[19] ; clk_div:div|tick_cnt[20] ; clk_50       ; clk_50      ; 0.000        ; 0.073      ; 1.444      ;
; 1.201 ; clk_div:div|tick_cnt[19] ; clk_div:div|tick_cnt[22] ; clk_50       ; clk_50      ; 0.000        ; 0.073      ; 1.445      ;
; 1.203 ; clk_div:div|tick_cnt[19] ; clk_div:div|tick_cnt[11] ; clk_50       ; clk_50      ; 0.000        ; 0.073      ; 1.447      ;
; 1.203 ; clk_div:div|tick_cnt[3]  ; clk_div:div|tick_cnt[9]  ; clk_50       ; clk_50      ; 0.000        ; 0.073      ; 1.447      ;
; 1.204 ; clk_div:div|tick_cnt[19] ; clk_div:div|tick_cnt[6]  ; clk_50       ; clk_50      ; 0.000        ; 0.073      ; 1.448      ;
; 1.205 ; clk_div:div|tick_cnt[1]  ; clk_div:div|tick_cnt[8]  ; clk_50       ; clk_50      ; 0.000        ; 0.073      ; 1.449      ;
; 1.205 ; clk_div:div|tick_cnt[2]  ; clk_div:div|tick_cnt[9]  ; clk_50       ; clk_50      ; 0.000        ; 0.073      ; 1.449      ;
; 1.206 ; clk_div:div|tick_cnt[10] ; clk_div:div|tick_cnt[17] ; clk_50       ; clk_50      ; 0.000        ; 0.069      ; 1.446      ;
; 1.207 ; clk_div:div|tick_cnt[9]  ; clk_div:div|tick_cnt[16] ; clk_50       ; clk_50      ; 0.000        ; 0.069      ; 1.447      ;
; 1.207 ; clk_div:div|tick_cnt[20] ; clk_div:div|tick_cnt[24] ; clk_50       ; clk_50      ; 0.000        ; 0.071      ; 1.449      ;
; 1.207 ; clk_div:div|tick_cnt[14] ; clk_div:div|tick_cnt[18] ; clk_50       ; clk_50      ; 0.000        ; 0.071      ; 1.449      ;
; 1.207 ; clk_div:div|tick_cnt[8]  ; clk_div:div|tick_cnt[15] ; clk_50       ; clk_50      ; 0.000        ; 0.069      ; 1.447      ;
+-------+--------------------------+--------------------------+--------------+-------------+--------------+------------+------------+


----------------------------------------------
; Slow 1200mV 0C Model Metastability Summary ;
----------------------------------------------
No synchronizer chains to report.


+----------------------------------------------+
; Fast 1200mV 0C Model Setup Summary           ;
+---------------------+--------+---------------+
; Clock               ; Slack  ; End Point TNS ;
+---------------------+--------+---------------+
; clk_50              ; -1.473 ; -12.721       ;
; clk_div:div|clk_out ; 0.555  ; 0.000         ;
+---------------------+--------+---------------+


+---------------------------------------------+
; Fast 1200mV 0C Model Hold Summary           ;
+---------------------+-------+---------------+
; Clock               ; Slack ; End Point TNS ;
+---------------------+-------+---------------+
; clk_div:div|clk_out ; 0.204 ; 0.000         ;
; clk_50              ; 0.292 ; 0.000         ;
+---------------------+-------+---------------+


-----------------------------------------
; Fast 1200mV 0C Model Recovery Summary ;
-----------------------------------------
No paths to report.


----------------------------------------
; Fast 1200mV 0C Model Removal Summary ;
----------------------------------------
No paths to report.


+--------------------------------------------------+
; Fast 1200mV 0C Model Minimum Pulse Width Summary ;
+---------------------+--------+-------------------+
; Clock               ; Slack  ; End Point TNS     ;
+---------------------+--------+-------------------+
; clk_50              ; -3.000 ; -32.753           ;
; clk_div:div|clk_out ; -1.000 ; -4.000            ;
+---------------------+--------+-------------------+


+------------------------------------------------------------------------------------------------------------------------------------+
; Fast 1200mV 0C Model Setup: 'clk_50'                                                                                               ;
+--------+--------------------------+--------------------------+--------------+-------------+--------------+------------+------------+
; Slack  ; From Node                ; To Node                  ; Launch Clock ; Latch Clock ; Relationship ; Clock Skew ; Data Delay ;
+--------+--------------------------+--------------------------+--------------+-------------+--------------+------------+------------+
; -1.473 ; clk_div:div|tick_cnt[15] ; clk_div:div|clk_out      ; clk_50       ; clk_50      ; 1.000        ; -0.041     ; 2.419      ;
; -1.466 ; clk_div:div|tick_cnt[3]  ; clk_div:div|clk_out      ; clk_50       ; clk_50      ; 1.000        ; -0.044     ; 2.409      ;
; -1.463 ; clk_div:div|tick_cnt[5]  ; clk_div:div|clk_out      ; clk_50       ; clk_50      ; 1.000        ; -0.044     ; 2.406      ;
; -1.458 ; clk_div:div|tick_cnt[12] ; clk_div:div|clk_out      ; clk_50       ; clk_50      ; 1.000        ; -0.044     ; 2.401      ;
; -1.436 ; clk_div:div|tick_cnt[2]  ; clk_div:div|clk_out      ; clk_50       ; clk_50      ; 1.000        ; -0.044     ; 2.379      ;
; -1.432 ; clk_div:div|tick_cnt[1]  ; clk_div:div|clk_out      ; clk_50       ; clk_50      ; 1.000        ; -0.044     ; 2.375      ;
; -1.431 ; clk_div:div|tick_cnt[0]  ; clk_div:div|clk_out      ; clk_50       ; clk_50      ; 1.000        ; -0.044     ; 2.374      ;
; -1.425 ; clk_div:div|tick_cnt[4]  ; clk_div:div|clk_out      ; clk_50       ; clk_50      ; 1.000        ; -0.044     ; 2.368      ;
; -1.400 ; clk_div:div|tick_cnt[9]  ; clk_div:div|clk_out      ; clk_50       ; clk_50      ; 1.000        ; -0.044     ; 2.343      ;
; -1.399 ; clk_div:div|tick_cnt[8]  ; clk_div:div|clk_out      ; clk_50       ; clk_50      ; 1.000        ; -0.044     ; 2.342      ;
; -1.344 ; clk_div:div|tick_cnt[10] ; clk_div:div|clk_out      ; clk_50       ; clk_50      ; 1.000        ; -0.044     ; 2.287      ;
; -1.318 ; clk_div:div|tick_cnt[7]  ; clk_div:div|clk_out      ; clk_50       ; clk_50      ; 1.000        ; -0.044     ; 2.261      ;
; -1.280 ; clk_div:div|tick_cnt[11] ; clk_div:div|clk_out      ; clk_50       ; clk_50      ; 1.000        ; -0.041     ; 2.226      ;
; -1.243 ; clk_div:div|tick_cnt[26] ; clk_div:div|clk_out      ; clk_50       ; clk_50      ; 1.000        ; -0.041     ; 2.189      ;
; -1.233 ; clk_div:div|tick_cnt[13] ; clk_div:div|clk_out      ; clk_50       ; clk_50      ; 1.000        ; -0.041     ; 2.179      ;
; -1.231 ; clk_div:div|tick_cnt[24] ; clk_div:div|clk_out      ; clk_50       ; clk_50      ; 1.000        ; -0.041     ; 2.177      ;
; -1.222 ; clk_div:div|tick_cnt[20] ; clk_div:div|clk_out      ; clk_50       ; clk_50      ; 1.000        ; -0.041     ; 2.168      ;
; -1.222 ; clk_div:div|tick_cnt[22] ; clk_div:div|clk_out      ; clk_50       ; clk_50      ; 1.000        ; -0.041     ; 2.168      ;
; -1.180 ; clk_div:div|tick_cnt[23] ; clk_div:div|clk_out      ; clk_50       ; clk_50      ; 1.000        ; -0.041     ; 2.126      ;
; -1.178 ; clk_div:div|tick_cnt[6]  ; clk_div:div|clk_out      ; clk_50       ; clk_50      ; 1.000        ; -0.041     ; 2.124      ;
; -1.161 ; clk_div:div|tick_cnt[14] ; clk_div:div|clk_out      ; clk_50       ; clk_50      ; 1.000        ; -0.041     ; 2.107      ;
; -1.135 ; clk_div:div|tick_cnt[25] ; clk_div:div|clk_out      ; clk_50       ; clk_50      ; 1.000        ; -0.041     ; 2.081      ;
; -1.108 ; clk_div:div|tick_cnt[16] ; clk_div:div|clk_out      ; clk_50       ; clk_50      ; 1.000        ; -0.041     ; 2.054      ;
; -1.098 ; clk_div:div|tick_cnt[18] ; clk_div:div|clk_out      ; clk_50       ; clk_50      ; 1.000        ; -0.041     ; 2.044      ;
; -1.084 ; clk_div:div|tick_cnt[21] ; clk_div:div|clk_out      ; clk_50       ; clk_50      ; 1.000        ; -0.041     ; 2.030      ;
; -1.044 ; clk_div:div|tick_cnt[17] ; clk_div:div|clk_out      ; clk_50       ; clk_50      ; 1.000        ; -0.041     ; 1.990      ;
; -1.006 ; clk_div:div|tick_cnt[19] ; clk_div:div|clk_out      ; clk_50       ; clk_50      ; 1.000        ; -0.041     ; 1.952      ;
; -0.947 ; clk_div:div|tick_cnt[1]  ; clk_div:div|tick_cnt[26] ; clk_50       ; clk_50      ; 1.000        ; -0.045     ; 1.889      ;
; -0.903 ; clk_div:div|tick_cnt[6]  ; clk_div:div|tick_cnt[26] ; clk_50       ; clk_50      ; 1.000        ; -0.042     ; 1.848      ;
; -0.903 ; clk_div:div|tick_cnt[0]  ; clk_div:div|tick_cnt[26] ; clk_50       ; clk_50      ; 1.000        ; -0.045     ; 1.845      ;
; -0.880 ; clk_div:div|tick_cnt[3]  ; clk_div:div|tick_cnt[26] ; clk_50       ; clk_50      ; 1.000        ; -0.045     ; 1.822      ;
; -0.866 ; clk_div:div|tick_cnt[11] ; clk_div:div|tick_cnt[26] ; clk_50       ; clk_50      ; 1.000        ; -0.042     ; 1.811      ;
; -0.842 ; clk_div:div|tick_cnt[1]  ; clk_div:div|tick_cnt[20] ; clk_50       ; clk_50      ; 1.000        ; -0.044     ; 1.785      ;
; -0.834 ; clk_div:div|tick_cnt[1]  ; clk_div:div|tick_cnt[22] ; clk_50       ; clk_50      ; 1.000        ; -0.044     ; 1.777      ;
; -0.831 ; clk_div:div|tick_cnt[2]  ; clk_div:div|tick_cnt[26] ; clk_50       ; clk_50      ; 1.000        ; -0.045     ; 1.773      ;
; -0.816 ; clk_div:div|tick_cnt[5]  ; clk_div:div|tick_cnt[26] ; clk_50       ; clk_50      ; 1.000        ; -0.045     ; 1.758      ;
; -0.798 ; clk_div:div|tick_cnt[6]  ; clk_div:div|tick_cnt[20] ; clk_50       ; clk_50      ; 1.000        ; -0.041     ; 1.744      ;
; -0.798 ; clk_div:div|tick_cnt[0]  ; clk_div:div|tick_cnt[20] ; clk_50       ; clk_50      ; 1.000        ; -0.044     ; 1.741      ;
; -0.790 ; clk_div:div|tick_cnt[6]  ; clk_div:div|tick_cnt[22] ; clk_50       ; clk_50      ; 1.000        ; -0.041     ; 1.736      ;
; -0.790 ; clk_div:div|tick_cnt[0]  ; clk_div:div|tick_cnt[22] ; clk_50       ; clk_50      ; 1.000        ; -0.044     ; 1.733      ;
; -0.775 ; clk_div:div|tick_cnt[3]  ; clk_div:div|tick_cnt[20] ; clk_50       ; clk_50      ; 1.000        ; -0.044     ; 1.718      ;
; -0.768 ; clk_div:div|tick_cnt[4]  ; clk_div:div|tick_cnt[26] ; clk_50       ; clk_50      ; 1.000        ; -0.045     ; 1.710      ;
; -0.767 ; clk_div:div|tick_cnt[3]  ; clk_div:div|tick_cnt[22] ; clk_50       ; clk_50      ; 1.000        ; -0.044     ; 1.710      ;
; -0.761 ; clk_div:div|tick_cnt[11] ; clk_div:div|tick_cnt[20] ; clk_50       ; clk_50      ; 1.000        ; -0.041     ; 1.707      ;
; -0.755 ; clk_div:div|tick_cnt[1]  ; clk_div:div|tick_cnt[21] ; clk_50       ; clk_50      ; 1.000        ; -0.044     ; 1.698      ;
; -0.753 ; clk_div:div|tick_cnt[11] ; clk_div:div|tick_cnt[22] ; clk_50       ; clk_50      ; 1.000        ; -0.041     ; 1.699      ;
; -0.746 ; clk_div:div|tick_cnt[0]  ; clk_div:div|tick_cnt[21] ; clk_50       ; clk_50      ; 1.000        ; -0.044     ; 1.689      ;
; -0.745 ; clk_div:div|tick_cnt[7]  ; clk_div:div|tick_cnt[26] ; clk_50       ; clk_50      ; 1.000        ; -0.045     ; 1.687      ;
; -0.740 ; clk_div:div|tick_cnt[13] ; clk_div:div|tick_cnt[26] ; clk_50       ; clk_50      ; 1.000        ; -0.042     ; 1.685      ;
; -0.736 ; clk_div:div|tick_cnt[1]  ; clk_div:div|tick_cnt[11] ; clk_50       ; clk_50      ; 1.000        ; -0.044     ; 1.679      ;
; -0.736 ; clk_div:div|tick_cnt[1]  ; clk_div:div|tick_cnt[14] ; clk_50       ; clk_50      ; 1.000        ; -0.044     ; 1.679      ;
; -0.733 ; clk_div:div|tick_cnt[6]  ; clk_div:div|tick_cnt[21] ; clk_50       ; clk_50      ; 1.000        ; -0.041     ; 1.679      ;
; -0.727 ; clk_div:div|tick_cnt[0]  ; clk_div:div|tick_cnt[11] ; clk_50       ; clk_50      ; 1.000        ; -0.044     ; 1.670      ;
; -0.726 ; clk_div:div|tick_cnt[2]  ; clk_div:div|tick_cnt[20] ; clk_50       ; clk_50      ; 1.000        ; -0.044     ; 1.669      ;
; -0.718 ; clk_div:div|tick_cnt[15] ; clk_div:div|tick_cnt[7]  ; clk_50       ; clk_50      ; 1.000        ; -0.039     ; 1.666      ;
; -0.718 ; clk_div:div|tick_cnt[2]  ; clk_div:div|tick_cnt[22] ; clk_50       ; clk_50      ; 1.000        ; -0.044     ; 1.661      ;
; -0.714 ; clk_div:div|tick_cnt[6]  ; clk_div:div|tick_cnt[11] ; clk_50       ; clk_50      ; 1.000        ; -0.041     ; 1.660      ;
; -0.711 ; clk_div:div|tick_cnt[5]  ; clk_div:div|tick_cnt[20] ; clk_50       ; clk_50      ; 1.000        ; -0.044     ; 1.654      ;
; -0.711 ; clk_div:div|tick_cnt[3]  ; clk_div:div|tick_cnt[7]  ; clk_50       ; clk_50      ; 1.000        ; -0.042     ; 1.656      ;
; -0.708 ; clk_div:div|tick_cnt[5]  ; clk_div:div|tick_cnt[7]  ; clk_50       ; clk_50      ; 1.000        ; -0.042     ; 1.653      ;
; -0.703 ; clk_div:div|tick_cnt[5]  ; clk_div:div|tick_cnt[22] ; clk_50       ; clk_50      ; 1.000        ; -0.044     ; 1.646      ;
; -0.699 ; clk_div:div|tick_cnt[12] ; clk_div:div|tick_cnt[7]  ; clk_50       ; clk_50      ; 1.000        ; -0.042     ; 1.644      ;
; -0.692 ; clk_div:div|tick_cnt[6]  ; clk_div:div|tick_cnt[14] ; clk_50       ; clk_50      ; 1.000        ; -0.041     ; 1.638      ;
; -0.692 ; clk_div:div|tick_cnt[0]  ; clk_div:div|tick_cnt[14] ; clk_50       ; clk_50      ; 1.000        ; -0.044     ; 1.635      ;
; -0.688 ; clk_div:div|tick_cnt[3]  ; clk_div:div|tick_cnt[21] ; clk_50       ; clk_50      ; 1.000        ; -0.044     ; 1.631      ;
; -0.681 ; clk_div:div|tick_cnt[2]  ; clk_div:div|tick_cnt[7]  ; clk_50       ; clk_50      ; 1.000        ; -0.042     ; 1.626      ;
; -0.677 ; clk_div:div|tick_cnt[1]  ; clk_div:div|tick_cnt[7]  ; clk_50       ; clk_50      ; 1.000        ; -0.042     ; 1.622      ;
; -0.676 ; clk_div:div|tick_cnt[0]  ; clk_div:div|tick_cnt[7]  ; clk_50       ; clk_50      ; 1.000        ; -0.042     ; 1.621      ;
; -0.674 ; clk_div:div|tick_cnt[9]  ; clk_div:div|tick_cnt[26] ; clk_50       ; clk_50      ; 1.000        ; -0.045     ; 1.616      ;
; -0.674 ; clk_div:div|tick_cnt[11] ; clk_div:div|tick_cnt[21] ; clk_50       ; clk_50      ; 1.000        ; -0.041     ; 1.620      ;
; -0.672 ; clk_div:div|tick_cnt[2]  ; clk_div:div|tick_cnt[21] ; clk_50       ; clk_50      ; 1.000        ; -0.044     ; 1.615      ;
; -0.670 ; clk_div:div|tick_cnt[4]  ; clk_div:div|tick_cnt[7]  ; clk_50       ; clk_50      ; 1.000        ; -0.042     ; 1.615      ;
; -0.669 ; clk_div:div|tick_cnt[3]  ; clk_div:div|tick_cnt[11] ; clk_50       ; clk_50      ; 1.000        ; -0.044     ; 1.612      ;
; -0.669 ; clk_div:div|tick_cnt[3]  ; clk_div:div|tick_cnt[14] ; clk_50       ; clk_50      ; 1.000        ; -0.044     ; 1.612      ;
; -0.663 ; clk_div:div|tick_cnt[4]  ; clk_div:div|tick_cnt[20] ; clk_50       ; clk_50      ; 1.000        ; -0.044     ; 1.606      ;
; -0.657 ; clk_div:div|tick_cnt[15] ; clk_div:div|tick_cnt[19] ; clk_50       ; clk_50      ; 1.000        ; -0.042     ; 1.602      ;
; -0.655 ; clk_div:div|tick_cnt[4]  ; clk_div:div|tick_cnt[22] ; clk_50       ; clk_50      ; 1.000        ; -0.044     ; 1.598      ;
; -0.655 ; clk_div:div|tick_cnt[11] ; clk_div:div|tick_cnt[14] ; clk_50       ; clk_50      ; 1.000        ; -0.041     ; 1.601      ;
; -0.653 ; clk_div:div|tick_cnt[2]  ; clk_div:div|tick_cnt[11] ; clk_50       ; clk_50      ; 1.000        ; -0.044     ; 1.596      ;
; -0.650 ; clk_div:div|tick_cnt[3]  ; clk_div:div|tick_cnt[19] ; clk_50       ; clk_50      ; 1.000        ; -0.045     ; 1.592      ;
; -0.647 ; clk_div:div|tick_cnt[5]  ; clk_div:div|tick_cnt[19] ; clk_50       ; clk_50      ; 1.000        ; -0.045     ; 1.589      ;
; -0.645 ; clk_div:div|tick_cnt[9]  ; clk_div:div|tick_cnt[7]  ; clk_50       ; clk_50      ; 1.000        ; -0.042     ; 1.590      ;
; -0.644 ; clk_div:div|tick_cnt[8]  ; clk_div:div|tick_cnt[7]  ; clk_50       ; clk_50      ; 1.000        ; -0.042     ; 1.589      ;
; -0.640 ; clk_div:div|tick_cnt[1]  ; clk_div:div|tick_cnt[25] ; clk_50       ; clk_50      ; 1.000        ; -0.045     ; 1.582      ;
; -0.640 ; clk_div:div|tick_cnt[7]  ; clk_div:div|tick_cnt[20] ; clk_50       ; clk_50      ; 1.000        ; -0.044     ; 1.583      ;
; -0.638 ; clk_div:div|tick_cnt[12] ; clk_div:div|tick_cnt[19] ; clk_50       ; clk_50      ; 1.000        ; -0.045     ; 1.580      ;
; -0.636 ; clk_div:div|tick_cnt[1]  ; clk_div:div|tick_cnt[24] ; clk_50       ; clk_50      ; 1.000        ; -0.045     ; 1.578      ;
; -0.635 ; clk_div:div|tick_cnt[13] ; clk_div:div|tick_cnt[20] ; clk_50       ; clk_50      ; 1.000        ; -0.041     ; 1.581      ;
; -0.632 ; clk_div:div|tick_cnt[7]  ; clk_div:div|tick_cnt[22] ; clk_50       ; clk_50      ; 1.000        ; -0.044     ; 1.575      ;
; -0.631 ; clk_div:div|tick_cnt[0]  ; clk_div:div|tick_cnt[25] ; clk_50       ; clk_50      ; 1.000        ; -0.045     ; 1.573      ;
; -0.627 ; clk_div:div|tick_cnt[13] ; clk_div:div|tick_cnt[22] ; clk_50       ; clk_50      ; 1.000        ; -0.041     ; 1.573      ;
; -0.626 ; clk_div:div|tick_cnt[8]  ; clk_div:div|tick_cnt[26] ; clk_50       ; clk_50      ; 1.000        ; -0.045     ; 1.568      ;
; -0.624 ; clk_div:div|tick_cnt[5]  ; clk_div:div|tick_cnt[21] ; clk_50       ; clk_50      ; 1.000        ; -0.044     ; 1.567      ;
; -0.620 ; clk_div:div|tick_cnt[2]  ; clk_div:div|tick_cnt[14] ; clk_50       ; clk_50      ; 1.000        ; -0.044     ; 1.563      ;
; -0.620 ; clk_div:div|tick_cnt[2]  ; clk_div:div|tick_cnt[19] ; clk_50       ; clk_50      ; 1.000        ; -0.045     ; 1.562      ;
; -0.618 ; clk_div:div|tick_cnt[6]  ; clk_div:div|tick_cnt[25] ; clk_50       ; clk_50      ; 1.000        ; -0.042     ; 1.563      ;
; -0.616 ; clk_div:div|tick_cnt[1]  ; clk_div:div|tick_cnt[19] ; clk_50       ; clk_50      ; 1.000        ; -0.045     ; 1.558      ;
; -0.615 ; clk_div:div|tick_cnt[0]  ; clk_div:div|tick_cnt[19] ; clk_50       ; clk_50      ; 1.000        ; -0.045     ; 1.557      ;
; -0.610 ; clk_div:div|tick_cnt[4]  ; clk_div:div|tick_cnt[21] ; clk_50       ; clk_50      ; 1.000        ; -0.044     ; 1.553      ;
; -0.609 ; clk_div:div|tick_cnt[4]  ; clk_div:div|tick_cnt[19] ; clk_50       ; clk_50      ; 1.000        ; -0.045     ; 1.551      ;
+--------+--------------------------+--------------------------+--------------+-------------+--------------+------------+------------+


+------------------------------------------------------------------------------------------------------------------+
; Fast 1200mV 0C Model Setup: 'clk_div:div|clk_out'                                                                ;
+-------+-----------+---------+---------------------+---------------------+--------------+------------+------------+
; Slack ; From Node ; To Node ; Launch Clock        ; Latch Clock         ; Relationship ; Clock Skew ; Data Delay ;
+-------+-----------+---------+---------------------+---------------------+--------------+------------+------------+
; 0.555 ; pre.S2    ; pre.S3  ; clk_div:div|clk_out ; clk_div:div|clk_out ; 1.000        ; -0.041     ; 0.391      ;
; 0.555 ; pre.S1    ; pre.S0  ; clk_div:div|clk_out ; clk_div:div|clk_out ; 1.000        ; -0.041     ; 0.391      ;
; 0.556 ; pre.S1    ; pre.S2  ; clk_div:div|clk_out ; clk_div:div|clk_out ; 1.000        ; -0.041     ; 0.390      ;
; 0.560 ; pre.S2    ; pre.S1  ; clk_div:div|clk_out ; clk_div:div|clk_out ; 1.000        ; -0.041     ; 0.386      ;
+-------+-----------+---------+---------------------+---------------------+--------------+------------+------------+


+------------------------------------------------------------------------------------------------------------------+
; Fast 1200mV 0C Model Hold: 'clk_div:div|clk_out'                                                                 ;
+-------+-----------+---------+---------------------+---------------------+--------------+------------+------------+
; Slack ; From Node ; To Node ; Launch Clock        ; Latch Clock         ; Relationship ; Clock Skew ; Data Delay ;
+-------+-----------+---------+---------------------+---------------------+--------------+------------+------------+
; 0.204 ; pre.S2    ; pre.S3  ; clk_div:div|clk_out ; clk_div:div|clk_out ; 0.000        ; 0.041      ; 0.329      ;
; 0.204 ; pre.S1    ; pre.S2  ; clk_div:div|clk_out ; clk_div:div|clk_out ; 0.000        ; 0.041      ; 0.329      ;
; 0.205 ; pre.S1    ; pre.S0  ; clk_div:div|clk_out ; clk_div:div|clk_out ; 0.000        ; 0.041      ; 0.330      ;
; 0.208 ; pre.S2    ; pre.S1  ; clk_div:div|clk_out ; clk_div:div|clk_out ; 0.000        ; 0.041      ; 0.333      ;
+-------+-----------+---------+---------------------+---------------------+--------------+------------+------------+


+------------------------------------------------------------------------------------------------------------------------------------------+
; Fast 1200mV 0C Model Hold: 'clk_50'                                                                                                      ;
+-------+--------------------------+--------------------------+---------------------+-------------+--------------+------------+------------+
; Slack ; From Node                ; To Node                  ; Launch Clock        ; Latch Clock ; Relationship ; Clock Skew ; Data Delay ;
+-------+--------------------------+--------------------------+---------------------+-------------+--------------+------------+------------+
; 0.292 ; clk_div:div|tick_cnt[10] ; clk_div:div|tick_cnt[10] ; clk_50              ; clk_50      ; 0.000        ; 0.042      ; 0.418      ;
; 0.292 ; clk_div:div|tick_cnt[9]  ; clk_div:div|tick_cnt[9]  ; clk_50              ; clk_50      ; 0.000        ; 0.042      ; 0.418      ;
; 0.293 ; clk_div:div|tick_cnt[8]  ; clk_div:div|tick_cnt[8]  ; clk_50              ; clk_50      ; 0.000        ; 0.042      ; 0.419      ;
; 0.293 ; clk_div:div|tick_cnt[2]  ; clk_div:div|tick_cnt[2]  ; clk_50              ; clk_50      ; 0.000        ; 0.042      ; 0.419      ;
; 0.293 ; clk_div:div|tick_cnt[1]  ; clk_div:div|tick_cnt[1]  ; clk_50              ; clk_50      ; 0.000        ; 0.042      ; 0.419      ;
; 0.298 ; clk_div:div|tick_cnt[12] ; clk_div:div|tick_cnt[12] ; clk_50              ; clk_50      ; 0.000        ; 0.042      ; 0.424      ;
; 0.298 ; clk_div:div|tick_cnt[3]  ; clk_div:div|tick_cnt[3]  ; clk_50              ; clk_50      ; 0.000        ; 0.042      ; 0.424      ;
; 0.299 ; clk_div:div|tick_cnt[15] ; clk_div:div|tick_cnt[15] ; clk_50              ; clk_50      ; 0.000        ; 0.042      ; 0.425      ;
; 0.299 ; clk_div:div|tick_cnt[5]  ; clk_div:div|tick_cnt[5]  ; clk_50              ; clk_50      ; 0.000        ; 0.042      ; 0.425      ;
; 0.300 ; clk_div:div|tick_cnt[23] ; clk_div:div|tick_cnt[23] ; clk_50              ; clk_50      ; 0.000        ; 0.042      ; 0.426      ;
; 0.300 ; clk_div:div|tick_cnt[25] ; clk_div:div|tick_cnt[25] ; clk_50              ; clk_50      ; 0.000        ; 0.042      ; 0.426      ;
; 0.300 ; clk_div:div|tick_cnt[24] ; clk_div:div|tick_cnt[24] ; clk_50              ; clk_50      ; 0.000        ; 0.042      ; 0.426      ;
; 0.300 ; clk_div:div|tick_cnt[18] ; clk_div:div|tick_cnt[18] ; clk_50              ; clk_50      ; 0.000        ; 0.042      ; 0.426      ;
; 0.300 ; clk_div:div|tick_cnt[17] ; clk_div:div|tick_cnt[17] ; clk_50              ; clk_50      ; 0.000        ; 0.042      ; 0.426      ;
; 0.300 ; clk_div:div|tick_cnt[16] ; clk_div:div|tick_cnt[16] ; clk_50              ; clk_50      ; 0.000        ; 0.042      ; 0.426      ;
; 0.300 ; clk_div:div|tick_cnt[4]  ; clk_div:div|tick_cnt[4]  ; clk_50              ; clk_50      ; 0.000        ; 0.042      ; 0.426      ;
; 0.308 ; clk_div:div|tick_cnt[0]  ; clk_div:div|tick_cnt[0]  ; clk_50              ; clk_50      ; 0.000        ; 0.042      ; 0.434      ;
; 0.441 ; clk_div:div|tick_cnt[9]  ; clk_div:div|tick_cnt[10] ; clk_50              ; clk_50      ; 0.000        ; 0.042      ; 0.567      ;
; 0.442 ; clk_div:div|tick_cnt[1]  ; clk_div:div|tick_cnt[2]  ; clk_50              ; clk_50      ; 0.000        ; 0.042      ; 0.568      ;
; 0.444 ; clk_div:div|tick_cnt[7]  ; clk_div:div|tick_cnt[8]  ; clk_50              ; clk_50      ; 0.000        ; 0.042      ; 0.570      ;
; 0.447 ; clk_div:div|tick_cnt[3]  ; clk_div:div|tick_cnt[4]  ; clk_50              ; clk_50      ; 0.000        ; 0.042      ; 0.573      ;
; 0.448 ; clk_div:div|tick_cnt[15] ; clk_div:div|tick_cnt[16] ; clk_50              ; clk_50      ; 0.000        ; 0.042      ; 0.574      ;
; 0.449 ; clk_div:div|tick_cnt[23] ; clk_div:div|tick_cnt[24] ; clk_50              ; clk_50      ; 0.000        ; 0.042      ; 0.575      ;
; 0.449 ; clk_div:div|tick_cnt[17] ; clk_div:div|tick_cnt[18] ; clk_50              ; clk_50      ; 0.000        ; 0.042      ; 0.575      ;
; 0.451 ; clk_div:div|tick_cnt[8]  ; clk_div:div|tick_cnt[9]  ; clk_50              ; clk_50      ; 0.000        ; 0.042      ; 0.577      ;
; 0.451 ; clk_div:div|tick_cnt[2]  ; clk_div:div|tick_cnt[3]  ; clk_50              ; clk_50      ; 0.000        ; 0.042      ; 0.577      ;
; 0.453 ; clk_div:div|tick_cnt[10] ; clk_div:div|tick_cnt[12] ; clk_50              ; clk_50      ; 0.000        ; 0.042      ; 0.579      ;
; 0.454 ; clk_div:div|tick_cnt[8]  ; clk_div:div|tick_cnt[10] ; clk_50              ; clk_50      ; 0.000        ; 0.042      ; 0.580      ;
; 0.454 ; clk_div:div|tick_cnt[2]  ; clk_div:div|tick_cnt[4]  ; clk_50              ; clk_50      ; 0.000        ; 0.042      ; 0.580      ;
; 0.455 ; clk_div:div|tick_cnt[19] ; clk_div:div|tick_cnt[19] ; clk_50              ; clk_50      ; 0.000        ; 0.042      ; 0.581      ;
; 0.457 ; clk_div:div|tick_cnt[0]  ; clk_div:div|tick_cnt[1]  ; clk_50              ; clk_50      ; 0.000        ; 0.042      ; 0.583      ;
; 0.458 ; clk_div:div|tick_cnt[4]  ; clk_div:div|tick_cnt[5]  ; clk_50              ; clk_50      ; 0.000        ; 0.042      ; 0.584      ;
; 0.458 ; clk_div:div|tick_cnt[24] ; clk_div:div|tick_cnt[25] ; clk_50              ; clk_50      ; 0.000        ; 0.042      ; 0.584      ;
; 0.458 ; clk_div:div|tick_cnt[16] ; clk_div:div|tick_cnt[17] ; clk_50              ; clk_50      ; 0.000        ; 0.042      ; 0.584      ;
; 0.460 ; clk_div:div|tick_cnt[0]  ; clk_div:div|tick_cnt[2]  ; clk_50              ; clk_50      ; 0.000        ; 0.042      ; 0.586      ;
; 0.461 ; clk_div:div|tick_cnt[16] ; clk_div:div|tick_cnt[18] ; clk_50              ; clk_50      ; 0.000        ; 0.042      ; 0.587      ;
; 0.479 ; clk_div:div|clk_out      ; clk_div:div|clk_out      ; clk_div:div|clk_out ; clk_50      ; 0.000        ; 1.652      ; 2.350      ;
; 0.505 ; clk_div:div|tick_cnt[1]  ; clk_div:div|tick_cnt[3]  ; clk_50              ; clk_50      ; 0.000        ; 0.042      ; 0.631      ;
; 0.507 ; clk_div:div|tick_cnt[7]  ; clk_div:div|tick_cnt[9]  ; clk_50              ; clk_50      ; 0.000        ; 0.042      ; 0.633      ;
; 0.507 ; clk_div:div|tick_cnt[9]  ; clk_div:div|tick_cnt[12] ; clk_50              ; clk_50      ; 0.000        ; 0.042      ; 0.633      ;
; 0.508 ; clk_div:div|tick_cnt[1]  ; clk_div:div|tick_cnt[4]  ; clk_50              ; clk_50      ; 0.000        ; 0.042      ; 0.634      ;
; 0.510 ; clk_div:div|tick_cnt[26] ; clk_div:div|tick_cnt[26] ; clk_50              ; clk_50      ; 0.000        ; 0.042      ; 0.636      ;
; 0.510 ; clk_div:div|tick_cnt[7]  ; clk_div:div|tick_cnt[10] ; clk_50              ; clk_50      ; 0.000        ; 0.042      ; 0.636      ;
; 0.510 ; clk_div:div|tick_cnt[3]  ; clk_div:div|tick_cnt[5]  ; clk_50              ; clk_50      ; 0.000        ; 0.042      ; 0.636      ;
; 0.511 ; clk_div:div|tick_cnt[15] ; clk_div:div|tick_cnt[17] ; clk_50              ; clk_50      ; 0.000        ; 0.042      ; 0.637      ;
; 0.512 ; clk_div:div|tick_cnt[23] ; clk_div:div|tick_cnt[25] ; clk_50              ; clk_50      ; 0.000        ; 0.042      ; 0.638      ;
; 0.514 ; clk_div:div|tick_cnt[5]  ; clk_div:div|tick_cnt[8]  ; clk_50              ; clk_50      ; 0.000        ; 0.042      ; 0.640      ;
; 0.514 ; clk_div:div|tick_cnt[15] ; clk_div:div|tick_cnt[18] ; clk_50              ; clk_50      ; 0.000        ; 0.042      ; 0.640      ;
; 0.517 ; clk_div:div|tick_cnt[2]  ; clk_div:div|tick_cnt[5]  ; clk_50              ; clk_50      ; 0.000        ; 0.042      ; 0.643      ;
; 0.520 ; clk_div:div|tick_cnt[8]  ; clk_div:div|tick_cnt[12] ; clk_50              ; clk_50      ; 0.000        ; 0.042      ; 0.646      ;
; 0.523 ; clk_div:div|tick_cnt[0]  ; clk_div:div|tick_cnt[3]  ; clk_50              ; clk_50      ; 0.000        ; 0.042      ; 0.649      ;
; 0.524 ; clk_div:div|tick_cnt[22] ; clk_div:div|tick_cnt[23] ; clk_50              ; clk_50      ; 0.000        ; 0.041      ; 0.649      ;
; 0.525 ; clk_div:div|tick_cnt[12] ; clk_div:div|tick_cnt[15] ; clk_50              ; clk_50      ; 0.000        ; 0.039      ; 0.648      ;
; 0.526 ; clk_div:div|tick_cnt[0]  ; clk_div:div|tick_cnt[4]  ; clk_50              ; clk_50      ; 0.000        ; 0.042      ; 0.652      ;
; 0.527 ; clk_div:div|tick_cnt[22] ; clk_div:div|tick_cnt[24] ; clk_50              ; clk_50      ; 0.000        ; 0.041      ; 0.652      ;
; 0.527 ; clk_div:div|tick_cnt[4]  ; clk_div:div|tick_cnt[8]  ; clk_50              ; clk_50      ; 0.000        ; 0.042      ; 0.653      ;
; 0.528 ; clk_div:div|tick_cnt[12] ; clk_div:div|tick_cnt[16] ; clk_50              ; clk_50      ; 0.000        ; 0.039      ; 0.651      ;
; 0.540 ; clk_div:div|tick_cnt[14] ; clk_div:div|tick_cnt[15] ; clk_50              ; clk_50      ; 0.000        ; 0.041      ; 0.665      ;
; 0.543 ; clk_div:div|tick_cnt[14] ; clk_div:div|tick_cnt[16] ; clk_50              ; clk_50      ; 0.000        ; 0.041      ; 0.668      ;
; 0.545 ; clk_div:div|tick_cnt[21] ; clk_div:div|tick_cnt[13] ; clk_50              ; clk_50      ; 0.000        ; 0.041      ; 0.670      ;
; 0.546 ; clk_div:div|tick_cnt[21] ; clk_div:div|tick_cnt[20] ; clk_50              ; clk_50      ; 0.000        ; 0.041      ; 0.671      ;
; 0.550 ; clk_div:div|tick_cnt[7]  ; clk_div:div|tick_cnt[7]  ; clk_50              ; clk_50      ; 0.000        ; 0.042      ; 0.676      ;
; 0.571 ; clk_div:div|tick_cnt[1]  ; clk_div:div|tick_cnt[5]  ; clk_50              ; clk_50      ; 0.000        ; 0.042      ; 0.697      ;
; 0.576 ; clk_div:div|tick_cnt[7]  ; clk_div:div|tick_cnt[12] ; clk_50              ; clk_50      ; 0.000        ; 0.042      ; 0.702      ;
; 0.577 ; clk_div:div|tick_cnt[5]  ; clk_div:div|tick_cnt[9]  ; clk_50              ; clk_50      ; 0.000        ; 0.042      ; 0.703      ;
; 0.579 ; clk_div:div|tick_cnt[3]  ; clk_div:div|tick_cnt[8]  ; clk_50              ; clk_50      ; 0.000        ; 0.042      ; 0.705      ;
; 0.580 ; clk_div:div|tick_cnt[5]  ; clk_div:div|tick_cnt[10] ; clk_50              ; clk_50      ; 0.000        ; 0.042      ; 0.706      ;
; 0.580 ; clk_div:div|tick_cnt[19] ; clk_div:div|tick_cnt[23] ; clk_50              ; clk_50      ; 0.000        ; 0.042      ; 0.706      ;
; 0.583 ; clk_div:div|tick_cnt[19] ; clk_div:div|tick_cnt[24] ; clk_50              ; clk_50      ; 0.000        ; 0.042      ; 0.709      ;
; 0.585 ; clk_div:div|tick_cnt[10] ; clk_div:div|tick_cnt[15] ; clk_50              ; clk_50      ; 0.000        ; 0.039      ; 0.708      ;
; 0.586 ; clk_div:div|tick_cnt[2]  ; clk_div:div|tick_cnt[8]  ; clk_50              ; clk_50      ; 0.000        ; 0.042      ; 0.712      ;
; 0.588 ; clk_div:div|tick_cnt[10] ; clk_div:div|tick_cnt[16] ; clk_50              ; clk_50      ; 0.000        ; 0.039      ; 0.711      ;
; 0.589 ; clk_div:div|tick_cnt[0]  ; clk_div:div|tick_cnt[5]  ; clk_50              ; clk_50      ; 0.000        ; 0.042      ; 0.715      ;
; 0.590 ; clk_div:div|tick_cnt[22] ; clk_div:div|tick_cnt[25] ; clk_50              ; clk_50      ; 0.000        ; 0.041      ; 0.715      ;
; 0.590 ; clk_div:div|tick_cnt[4]  ; clk_div:div|tick_cnt[9]  ; clk_50              ; clk_50      ; 0.000        ; 0.042      ; 0.716      ;
; 0.590 ; clk_div:div|tick_cnt[18] ; clk_div:div|tick_cnt[23] ; clk_50              ; clk_50      ; 0.000        ; 0.042      ; 0.716      ;
; 0.591 ; clk_div:div|tick_cnt[12] ; clk_div:div|tick_cnt[17] ; clk_50              ; clk_50      ; 0.000        ; 0.039      ; 0.714      ;
; 0.592 ; clk_div:div|tick_cnt[19] ; clk_div:div|tick_cnt[21] ; clk_50              ; clk_50      ; 0.000        ; 0.042      ; 0.718      ;
; 0.593 ; clk_div:div|tick_cnt[4]  ; clk_div:div|tick_cnt[10] ; clk_50              ; clk_50      ; 0.000        ; 0.042      ; 0.719      ;
; 0.593 ; clk_div:div|tick_cnt[18] ; clk_div:div|tick_cnt[24] ; clk_50              ; clk_50      ; 0.000        ; 0.042      ; 0.719      ;
; 0.594 ; clk_div:div|tick_cnt[12] ; clk_div:div|tick_cnt[18] ; clk_50              ; clk_50      ; 0.000        ; 0.039      ; 0.717      ;
; 0.594 ; clk_div:div|tick_cnt[21] ; clk_div:div|tick_cnt[23] ; clk_50              ; clk_50      ; 0.000        ; 0.041      ; 0.719      ;
; 0.596 ; clk_div:div|tick_cnt[19] ; clk_div:div|tick_cnt[13] ; clk_50              ; clk_50      ; 0.000        ; 0.042      ; 0.722      ;
; 0.596 ; clk_div:div|tick_cnt[19] ; clk_div:div|tick_cnt[20] ; clk_50              ; clk_50      ; 0.000        ; 0.042      ; 0.722      ;
; 0.597 ; clk_div:div|tick_cnt[19] ; clk_div:div|tick_cnt[14] ; clk_50              ; clk_50      ; 0.000        ; 0.042      ; 0.723      ;
; 0.597 ; clk_div:div|tick_cnt[22] ; clk_div:div|tick_cnt[22] ; clk_50              ; clk_50      ; 0.000        ; 0.041      ; 0.722      ;
; 0.597 ; clk_div:div|tick_cnt[19] ; clk_div:div|tick_cnt[22] ; clk_50              ; clk_50      ; 0.000        ; 0.042      ; 0.723      ;
; 0.597 ; clk_div:div|tick_cnt[21] ; clk_div:div|tick_cnt[24] ; clk_50              ; clk_50      ; 0.000        ; 0.041      ; 0.722      ;
; 0.599 ; clk_div:div|tick_cnt[19] ; clk_div:div|tick_cnt[11] ; clk_50              ; clk_50      ; 0.000        ; 0.042      ; 0.725      ;
; 0.600 ; clk_div:div|tick_cnt[19] ; clk_div:div|tick_cnt[6]  ; clk_50              ; clk_50      ; 0.000        ; 0.042      ; 0.726      ;
; 0.602 ; clk_div:div|tick_cnt[21] ; clk_div:div|tick_cnt[21] ; clk_50              ; clk_50      ; 0.000        ; 0.041      ; 0.727      ;
; 0.606 ; clk_div:div|tick_cnt[20] ; clk_div:div|tick_cnt[23] ; clk_50              ; clk_50      ; 0.000        ; 0.041      ; 0.731      ;
; 0.606 ; clk_div:div|tick_cnt[14] ; clk_div:div|tick_cnt[17] ; clk_50              ; clk_50      ; 0.000        ; 0.041      ; 0.731      ;
; 0.609 ; clk_div:div|tick_cnt[20] ; clk_div:div|tick_cnt[24] ; clk_50              ; clk_50      ; 0.000        ; 0.041      ; 0.734      ;
; 0.609 ; clk_div:div|tick_cnt[14] ; clk_div:div|tick_cnt[18] ; clk_50              ; clk_50      ; 0.000        ; 0.041      ; 0.734      ;
; 0.611 ; clk_div:div|tick_cnt[18] ; clk_div:div|tick_cnt[19] ; clk_50              ; clk_50      ; 0.000        ; 0.042      ; 0.737      ;
; 0.639 ; clk_div:div|tick_cnt[9]  ; clk_div:div|tick_cnt[15] ; clk_50              ; clk_50      ; 0.000        ; 0.039      ; 0.762      ;
; 0.640 ; clk_div:div|tick_cnt[1]  ; clk_div:div|tick_cnt[8]  ; clk_50              ; clk_50      ; 0.000        ; 0.042      ; 0.766      ;
; 0.642 ; clk_div:div|tick_cnt[9]  ; clk_div:div|tick_cnt[16] ; clk_50              ; clk_50      ; 0.000        ; 0.039      ; 0.765      ;
; 0.642 ; clk_div:div|tick_cnt[3]  ; clk_div:div|tick_cnt[9]  ; clk_50              ; clk_50      ; 0.000        ; 0.042      ; 0.768      ;
+-------+--------------------------+--------------------------+---------------------+-------------+--------------+------------+------------+


----------------------------------------------
; Fast 1200mV 0C Model Metastability Summary ;
----------------------------------------------
No synchronizer chains to report.


+-----------------------------------------------------------------------------------+
; Multicorner Timing Analysis Summary                                               ;
+----------------------+---------+-------+----------+---------+---------------------+
; Clock                ; Setup   ; Hold  ; Recovery ; Removal ; Minimum Pulse Width ;
+----------------------+---------+-------+----------+---------+---------------------+
; Worst-case Slack     ; -3.942  ; 0.204 ; N/A      ; N/A     ; -3.000              ;
;  clk_50              ; -3.942  ; 0.292 ; N/A      ; N/A     ; -3.000              ;
;  clk_div:div|clk_out ; 0.086   ; 0.204 ; N/A      ; N/A     ; -1.285              ;
; Design-wide TNS      ; -53.351 ; 0.0   ; 0.0      ; 0.0     ; -44.12              ;
;  clk_50              ; -53.351 ; 0.000 ; N/A      ; N/A     ; -38.980             ;
;  clk_div:div|clk_out ; 0.000   ; 0.000 ; N/A      ; N/A     ; -5.140              ;
+----------------------+---------+-------+----------+---------+---------------------+


+------------------------------------------------------------------------------------------------------------------------------------------------------------------------------------------------------------------------------------------------------------------------------------------------------------------------------------------------------------------------------------------------------------------+
; Board Trace Model Assignments                                                                                                                                                                                                                                                                                                                                                                                    ;
+---------------+--------------+-------------------+-------------------------+-------------------------+---------------+---------------------+----------------+------------------+--------+------------------+------------------------+------------------------+--------------+---------------+-----------------+-------+---------------------+--------------------+---------------+-----------------+-------------+
; Pin           ; I/O Standard ; Near Tline Length ; Near Tline L per Length ; Near Tline C per Length ; Near Series R ; Near Differential R ; Near Pull-up R ; Near Pull-down R ; Near C ; Far Tline Length ; Far Tline L per Length ; Far Tline C per Length ; Far Series R ; Far Pull-up R ; Far Pull-down R ; Far C ; Termination Voltage ; Far Differential R ; EBD File Name ; EBD Signal Name ; EBD Far-end ;
+---------------+--------------+-------------------+-------------------------+-------------------------+---------------+---------------------+----------------+------------------+--------+------------------+------------------------+------------------------+--------------+---------------+-----------------+-------+---------------------+--------------------+---------------+-----------------+-------------+
; out           ; 2.5 V        ; 0 in              ; 0 H/in                  ; 0 F/in                  ; short         ; -                   ; open           ; open             ; open   ; 0 in             ; 0 H/in                 ; 0 F/in                 ; short        ; open          ; open            ; open  ; 0 V                 ; -                  ; n/a           ; n/a             ; n/a         ;
; state[0]      ; 2.5 V        ; 0 in              ; 0 H/in                  ; 0 F/in                  ; short         ; -                   ; open           ; open             ; open   ; 0 in             ; 0 H/in                 ; 0 F/in                 ; short        ; open          ; open            ; open  ; 0 V                 ; -                  ; n/a           ; n/a             ; n/a         ;
; state[1]      ; 2.5 V        ; 0 in              ; 0 H/in                  ; 0 F/in                  ; short         ; -                   ; open           ; open             ; open   ; 0 in             ; 0 H/in                 ; 0 F/in                 ; short        ; open          ; open            ; open  ; 0 V                 ; -                  ; n/a           ; n/a             ; n/a         ;
; ~ALTERA_DCLK~ ; 2.5 V        ; 0 in              ; 0 H/in                  ; 0 F/in                  ; short         ; -                   ; open           ; open             ; open   ; 0 in             ; 0 H/in                 ; 0 F/in                 ; short        ; open          ; open            ; open  ; 0 V                 ; -                  ; n/a           ; n/a             ; n/a         ;
; ~ALTERA_nCEO~ ; 2.5 V        ; 0 in              ; 0 H/in                  ; 0 F/in                  ; short         ; -                   ; open           ; open             ; open   ; 0 in             ; 0 H/in                 ; 0 F/in                 ; short        ; open          ; open            ; open  ; 0 V                 ; -                  ; n/a           ; n/a             ; n/a         ;
+---------------+--------------+-------------------+-------------------------+-------------------------+---------------+---------------------+----------------+------------------+--------+------------------+------------------------+------------------------+--------------+---------------+-----------------+-------+---------------------+--------------------+---------------+-----------------+-------------+


+----------------------------------------------------------------------------+
; Input Transition Times                                                     ;
+-------------------------+--------------+-----------------+-----------------+
; Pin                     ; I/O Standard ; 10-90 Rise Time ; 90-10 Fall Time ;
+-------------------------+--------------+-----------------+-----------------+
; in                      ; 2.5 V        ; 2000 ps         ; 2000 ps         ;
; rst_n                   ; 2.5 V        ; 2000 ps         ; 2000 ps         ;
; clk_50                  ; 2.5 V        ; 2000 ps         ; 2000 ps         ;
; ~ALTERA_ASDO_DATA1~     ; 2.5 V        ; 2000 ps         ; 2000 ps         ;
; ~ALTERA_FLASH_nCE_nCSO~ ; 2.5 V        ; 2000 ps         ; 2000 ps         ;
; ~ALTERA_DATA0~          ; 2.5 V        ; 2000 ps         ; 2000 ps         ;
+-------------------------+--------------+-----------------+-----------------+


+--------------------------------------------------------------------------------------------------------------------------------------------------------------------------------------------------------------------------------------------------------------------------------------------------------------------------------------------------------------------------------------------------------------------------------------------------------------------------------------------------------------------------------------------------------------------------------------------------------------------------------------------------------------------------------------------+
; Signal Integrity Metrics (Slow 1200mv 0c Model)                                                                                                                                                                                                                                                                                                                                                                                                                                                                                                                                                                                                                                            ;
+---------------+--------------+---------------------+---------------------+------------------------------+------------------------------+---------------------+---------------------+--------------------------------------+--------------------------------------+-----------------------------+-----------------------------+----------------------------+----------------------------+-----------------------------+-----------------------------+--------------------+--------------------+-------------------------------------+-------------------------------------+----------------------------+----------------------------+---------------------------+---------------------------+
; Pin           ; I/O Standard ; Board Delay on Rise ; Board Delay on Fall ; Steady State Voh at FPGA Pin ; Steady State Vol at FPGA Pin ; Voh Max at FPGA Pin ; Vol Min at FPGA Pin ; Ringback Voltage on Rise at FPGA Pin ; Ringback Voltage on Fall at FPGA Pin ; 10-90 Rise Time at FPGA Pin ; 90-10 Fall Time at FPGA Pin ; Monotonic Rise at FPGA Pin ; Monotonic Fall at FPGA Pin ; Steady State Voh at Far-end ; Steady State Vol at Far-end ; Voh Max at Far-end ; Vol Min at Far-end ; Ringback Voltage on Rise at Far-end ; Ringback Voltage on Fall at Far-end ; 10-90 Rise Time at Far-end ; 90-10 Fall Time at Far-end ; Monotonic Rise at Far-end ; Monotonic Fall at Far-end ;
+---------------+--------------+---------------------+---------------------+------------------------------+------------------------------+---------------------+---------------------+--------------------------------------+--------------------------------------+-----------------------------+-----------------------------+----------------------------+----------------------------+-----------------------------+-----------------------------+--------------------+--------------------+-------------------------------------+-------------------------------------+----------------------------+----------------------------+---------------------------+---------------------------+
; out           ; 2.5 V        ; 0 s                 ; 0 s                 ; 2.32 V                       ; 4.49e-09 V                   ; 2.33 V              ; -0.00467 V          ; 0.226 V                              ; 0.087 V                              ; 2.91e-09 s                  ; 2.74e-09 s                  ; Yes                        ; Yes                        ; 2.32 V                      ; 4.49e-09 V                  ; 2.33 V             ; -0.00467 V         ; 0.226 V                             ; 0.087 V                             ; 2.91e-09 s                 ; 2.74e-09 s                 ; Yes                       ; Yes                       ;
; state[0]      ; 2.5 V        ; 0 s                 ; 0 s                 ; 2.32 V                       ; 4.49e-09 V                   ; 2.38 V              ; -0.00552 V          ; 0.096 V                              ; 0.019 V                              ; 4.18e-10 s                  ; 3.59e-10 s                  ; No                         ; Yes                        ; 2.32 V                      ; 4.49e-09 V                  ; 2.38 V             ; -0.00552 V         ; 0.096 V                             ; 0.019 V                             ; 4.18e-10 s                 ; 3.59e-10 s                 ; No                        ; Yes                       ;
; state[1]      ; 2.5 V        ; 0 s                 ; 0 s                 ; 2.32 V                       ; 4.49e-09 V                   ; 2.38 V              ; -0.00552 V          ; 0.096 V                              ; 0.019 V                              ; 4.18e-10 s                  ; 3.59e-10 s                  ; No                         ; Yes                        ; 2.32 V                      ; 4.49e-09 V                  ; 2.38 V             ; -0.00552 V         ; 0.096 V                             ; 0.019 V                             ; 4.18e-10 s                 ; 3.59e-10 s                 ; No                        ; Yes                       ;
; ~ALTERA_DCLK~ ; 2.5 V        ; 0 s                 ; 0 s                 ; 2.32 V                       ; 2.67e-09 V                   ; 2.38 V              ; -0.0485 V           ; 0.167 V                              ; 0.096 V                              ; 2.95e-10 s                  ; 2.73e-10 s                  ; Yes                        ; Yes                        ; 2.32 V                      ; 2.67e-09 V                  ; 2.38 V             ; -0.0485 V          ; 0.167 V                             ; 0.096 V                             ; 2.95e-10 s                 ; 2.73e-10 s                 ; Yes                       ; Yes                       ;
; ~ALTERA_nCEO~ ; 2.5 V        ; 0 s                 ; 0 s                 ; 2.32 V                       ; 4.18e-09 V                   ; 2.38 V              ; -0.00483 V          ; 0.152 V                              ; 0.012 V                              ; 4.81e-10 s                  ; 6.29e-10 s                  ; Yes                        ; Yes                        ; 2.32 V                      ; 4.18e-09 V                  ; 2.38 V             ; -0.00483 V         ; 0.152 V                             ; 0.012 V                             ; 4.81e-10 s                 ; 6.29e-10 s                 ; Yes                       ; Yes                       ;
+---------------+--------------+---------------------+---------------------+------------------------------+------------------------------+---------------------+---------------------+--------------------------------------+--------------------------------------+-----------------------------+-----------------------------+----------------------------+----------------------------+-----------------------------+-----------------------------+--------------------+--------------------+-------------------------------------+-------------------------------------+----------------------------+----------------------------+---------------------------+---------------------------+


+--------------------------------------------------------------------------------------------------------------------------------------------------------------------------------------------------------------------------------------------------------------------------------------------------------------------------------------------------------------------------------------------------------------------------------------------------------------------------------------------------------------------------------------------------------------------------------------------------------------------------------------------------------------------------------------------+
; Signal Integrity Metrics (Slow 1200mv 85c Model)                                                                                                                                                                                                                                                                                                                                                                                                                                                                                                                                                                                                                                           ;
+---------------+--------------+---------------------+---------------------+------------------------------+------------------------------+---------------------+---------------------+--------------------------------------+--------------------------------------+-----------------------------+-----------------------------+----------------------------+----------------------------+-----------------------------+-----------------------------+--------------------+--------------------+-------------------------------------+-------------------------------------+----------------------------+----------------------------+---------------------------+---------------------------+
; Pin           ; I/O Standard ; Board Delay on Rise ; Board Delay on Fall ; Steady State Voh at FPGA Pin ; Steady State Vol at FPGA Pin ; Voh Max at FPGA Pin ; Vol Min at FPGA Pin ; Ringback Voltage on Rise at FPGA Pin ; Ringback Voltage on Fall at FPGA Pin ; 10-90 Rise Time at FPGA Pin ; 90-10 Fall Time at FPGA Pin ; Monotonic Rise at FPGA Pin ; Monotonic Fall at FPGA Pin ; Steady State Voh at Far-end ; Steady State Vol at Far-end ; Voh Max at Far-end ; Vol Min at Far-end ; Ringback Voltage on Rise at Far-end ; Ringback Voltage on Fall at Far-end ; 10-90 Rise Time at Far-end ; 90-10 Fall Time at Far-end ; Monotonic Rise at Far-end ; Monotonic Fall at Far-end ;
+---------------+--------------+---------------------+---------------------+------------------------------+------------------------------+---------------------+---------------------+--------------------------------------+--------------------------------------+-----------------------------+-----------------------------+----------------------------+----------------------------+-----------------------------+-----------------------------+--------------------+--------------------+-------------------------------------+-------------------------------------+----------------------------+----------------------------+---------------------------+---------------------------+
; out           ; 2.5 V        ; 0 s                 ; 0 s                 ; 2.32 V                       ; 6.92e-07 V                   ; 2.33 V              ; -0.00265 V          ; 0.133 V                              ; 0.056 V                              ; 3.55e-09 s                  ; 3.31e-09 s                  ; Yes                        ; Yes                        ; 2.32 V                      ; 6.92e-07 V                  ; 2.33 V             ; -0.00265 V         ; 0.133 V                             ; 0.056 V                             ; 3.55e-09 s                 ; 3.31e-09 s                 ; Yes                       ; Yes                       ;
; state[0]      ; 2.5 V        ; 0 s                 ; 0 s                 ; 2.32 V                       ; 6.92e-07 V                   ; 2.35 V              ; -0.00996 V          ; 0.121 V                              ; 0.03 V                               ; 4.64e-10 s                  ; 4.47e-10 s                  ; Yes                        ; Yes                        ; 2.32 V                      ; 6.92e-07 V                  ; 2.35 V             ; -0.00996 V         ; 0.121 V                             ; 0.03 V                              ; 4.64e-10 s                 ; 4.47e-10 s                 ; Yes                       ; Yes                       ;
; state[1]      ; 2.5 V        ; 0 s                 ; 0 s                 ; 2.32 V                       ; 6.92e-07 V                   ; 2.35 V              ; -0.00996 V          ; 0.121 V                              ; 0.03 V                               ; 4.64e-10 s                  ; 4.47e-10 s                  ; Yes                        ; Yes                        ; 2.32 V                      ; 6.92e-07 V                  ; 2.35 V             ; -0.00996 V         ; 0.121 V                             ; 0.03 V                              ; 4.64e-10 s                 ; 4.47e-10 s                 ; Yes                       ; Yes                       ;
; ~ALTERA_DCLK~ ; 2.5 V        ; 0 s                 ; 0 s                 ; 2.32 V                       ; 3.75e-07 V                   ; 2.35 V              ; -0.0109 V           ; 0.084 V                              ; 0.027 V                              ; 4.31e-10 s                  ; 3.61e-10 s                  ; Yes                        ; Yes                        ; 2.32 V                      ; 3.75e-07 V                  ; 2.35 V             ; -0.0109 V          ; 0.084 V                             ; 0.027 V                             ; 4.31e-10 s                 ; 3.61e-10 s                 ; Yes                       ; Yes                       ;
; ~ALTERA_nCEO~ ; 2.5 V        ; 0 s                 ; 0 s                 ; 2.32 V                       ; 6.15e-07 V                   ; 2.35 V              ; -0.00712 V          ; 0.093 V                              ; 0.02 V                               ; 6.21e-10 s                  ; 7.9e-10 s                   ; Yes                        ; Yes                        ; 2.32 V                      ; 6.15e-07 V                  ; 2.35 V             ; -0.00712 V         ; 0.093 V                             ; 0.02 V                              ; 6.21e-10 s                 ; 7.9e-10 s                  ; Yes                       ; Yes                       ;
+---------------+--------------+---------------------+---------------------+------------------------------+------------------------------+---------------------+---------------------+--------------------------------------+--------------------------------------+-----------------------------+-----------------------------+----------------------------+----------------------------+-----------------------------+-----------------------------+--------------------+--------------------+-------------------------------------+-------------------------------------+----------------------------+----------------------------+---------------------------+---------------------------+


+--------------------------------------------------------------------------------------------------------------------------------------------------------------------------------------------------------------------------------------------------------------------------------------------------------------------------------------------------------------------------------------------------------------------------------------------------------------------------------------------------------------------------------------------------------------------------------------------------------------------------------------------------------------------------------------------+
; Signal Integrity Metrics (Fast 1200mv 0c Model)                                                                                                                                                                                                                                                                                                                                                                                                                                                                                                                                                                                                                                            ;
+---------------+--------------+---------------------+---------------------+------------------------------+------------------------------+---------------------+---------------------+--------------------------------------+--------------------------------------+-----------------------------+-----------------------------+----------------------------+----------------------------+-----------------------------+-----------------------------+--------------------+--------------------+-------------------------------------+-------------------------------------+----------------------------+----------------------------+---------------------------+---------------------------+
; Pin           ; I/O Standard ; Board Delay on Rise ; Board Delay on Fall ; Steady State Voh at FPGA Pin ; Steady State Vol at FPGA Pin ; Voh Max at FPGA Pin ; Vol Min at FPGA Pin ; Ringback Voltage on Rise at FPGA Pin ; Ringback Voltage on Fall at FPGA Pin ; 10-90 Rise Time at FPGA Pin ; 90-10 Fall Time at FPGA Pin ; Monotonic Rise at FPGA Pin ; Monotonic Fall at FPGA Pin ; Steady State Voh at Far-end ; Steady State Vol at Far-end ; Voh Max at Far-end ; Vol Min at Far-end ; Ringback Voltage on Rise at Far-end ; Ringback Voltage on Fall at Far-end ; 10-90 Rise Time at Far-end ; 90-10 Fall Time at Far-end ; Monotonic Rise at Far-end ; Monotonic Fall at Far-end ;
+---------------+--------------+---------------------+---------------------+------------------------------+------------------------------+---------------------+---------------------+--------------------------------------+--------------------------------------+-----------------------------+-----------------------------+----------------------------+----------------------------+-----------------------------+-----------------------------+--------------------+--------------------+-------------------------------------+-------------------------------------+----------------------------+----------------------------+---------------------------+---------------------------+
; out           ; 2.5 V        ; 0 s                 ; 0 s                 ; 2.62 V                       ; 4.05e-08 V                   ; 2.64 V              ; -0.0113 V           ; 0.208 V                              ; 0.179 V                              ; 2.38e-09 s                  ; 2.23e-09 s                  ; No                         ; Yes                        ; 2.62 V                      ; 4.05e-08 V                  ; 2.64 V             ; -0.0113 V          ; 0.208 V                             ; 0.179 V                             ; 2.38e-09 s                 ; 2.23e-09 s                 ; No                        ; Yes                       ;
; state[0]      ; 2.5 V        ; 0 s                 ; 0 s                 ; 2.62 V                       ; 4.05e-08 V                   ; 2.72 V              ; -0.0349 V           ; 0.173 V                              ; 0.1 V                                ; 2.72e-10 s                  ; 2.69e-10 s                  ; Yes                        ; Yes                        ; 2.62 V                      ; 4.05e-08 V                  ; 2.72 V             ; -0.0349 V          ; 0.173 V                             ; 0.1 V                               ; 2.72e-10 s                 ; 2.69e-10 s                 ; Yes                       ; Yes                       ;
; state[1]      ; 2.5 V        ; 0 s                 ; 0 s                 ; 2.62 V                       ; 4.05e-08 V                   ; 2.72 V              ; -0.0349 V           ; 0.173 V                              ; 0.1 V                                ; 2.72e-10 s                  ; 2.69e-10 s                  ; Yes                        ; Yes                        ; 2.62 V                      ; 4.05e-08 V                  ; 2.72 V             ; -0.0349 V          ; 0.173 V                             ; 0.1 V                               ; 2.72e-10 s                 ; 2.69e-10 s                 ; Yes                       ; Yes                       ;
; ~ALTERA_DCLK~ ; 2.5 V        ; 0 s                 ; 0 s                 ; 2.62 V                       ; 2.22e-08 V                   ; 2.74 V              ; -0.06 V             ; 0.158 V                              ; 0.08 V                               ; 2.68e-10 s                  ; 2.19e-10 s                  ; Yes                        ; Yes                        ; 2.62 V                      ; 2.22e-08 V                  ; 2.74 V             ; -0.06 V            ; 0.158 V                             ; 0.08 V                              ; 2.68e-10 s                 ; 2.19e-10 s                 ; Yes                       ; Yes                       ;
; ~ALTERA_nCEO~ ; 2.5 V        ; 0 s                 ; 0 s                 ; 2.62 V                       ; 3.54e-08 V                   ; 2.7 V               ; -0.00943 V          ; 0.276 V                              ; 0.035 V                              ; 3.19e-10 s                  ; 4.99e-10 s                  ; No                         ; Yes                        ; 2.62 V                      ; 3.54e-08 V                  ; 2.7 V              ; -0.00943 V         ; 0.276 V                             ; 0.035 V                             ; 3.19e-10 s                 ; 4.99e-10 s                 ; No                        ; Yes                       ;
+---------------+--------------+---------------------+---------------------+------------------------------+------------------------------+---------------------+---------------------+--------------------------------------+--------------------------------------+-----------------------------+-----------------------------+----------------------------+----------------------------+-----------------------------+-----------------------------+--------------------+--------------------+-------------------------------------+-------------------------------------+----------------------------+----------------------------+---------------------------+---------------------------+


+---------------------------------------------------------------------------------------+
; Setup Transfers                                                                       ;
+---------------------+---------------------+----------+----------+----------+----------+
; From Clock          ; To Clock            ; RR Paths ; FR Paths ; RF Paths ; FF Paths ;
+---------------------+---------------------+----------+----------+----------+----------+
; clk_50              ; clk_50              ; 675      ; 0        ; 0        ; 0        ;
; clk_div:div|clk_out ; clk_50              ; 1        ; 1        ; 0        ; 0        ;
; clk_div:div|clk_out ; clk_div:div|clk_out ; 4        ; 0        ; 0        ; 0        ;
+---------------------+---------------------+----------+----------+----------+----------+
Entries labeled "false path" only account for clock-to-clock false paths and not path-based false paths. As a result, actual path counts may be lower than reported.


+---------------------------------------------------------------------------------------+
; Hold Transfers                                                                        ;
+---------------------+---------------------+----------+----------+----------+----------+
; From Clock          ; To Clock            ; RR Paths ; FR Paths ; RF Paths ; FF Paths ;
+---------------------+---------------------+----------+----------+----------+----------+
; clk_50              ; clk_50              ; 675      ; 0        ; 0        ; 0        ;
; clk_div:div|clk_out ; clk_50              ; 1        ; 1        ; 0        ; 0        ;
; clk_div:div|clk_out ; clk_div:div|clk_out ; 4        ; 0        ; 0        ; 0        ;
+---------------------+---------------------+----------+----------+----------+----------+
Entries labeled "false path" only account for clock-to-clock false paths and not path-based false paths. As a result, actual path counts may be lower than reported.


---------------
; Report TCCS ;
---------------
No dedicated SERDES Transmitter circuitry present in device or used in design


---------------
; Report RSKM ;
---------------
No non-DPA dedicated SERDES Receiver circuitry present in device or used in design


+------------------------------------------------+
; Unconstrained Paths Summary                    ;
+---------------------------------+-------+------+
; Property                        ; Setup ; Hold ;
+---------------------------------+-------+------+
; Illegal Clocks                  ; 0     ; 0    ;
; Unconstrained Clocks            ; 0     ; 0    ;
; Unconstrained Input Ports       ; 2     ; 2    ;
; Unconstrained Input Port Paths  ; 8     ; 8    ;
; Unconstrained Output Ports      ; 3     ; 3    ;
; Unconstrained Output Port Paths ; 5     ; 5    ;
+---------------------------------+-------+------+


+----------------------------------------------------------------+
; Clock Status Summary                                           ;
+---------------------+---------------------+------+-------------+
; Target              ; Clock               ; Type ; Status      ;
+---------------------+---------------------+------+-------------+
; clk_50              ; clk_50              ; Base ; Constrained ;
; clk_div:div|clk_out ; clk_div:div|clk_out ; Base ; Constrained ;
+---------------------+---------------------+------+-------------+


+---------------------------------------------------------------------------------------------------+
; Unconstrained Input Ports                                                                         ;
+------------+--------------------------------------------------------------------------------------+
; Input Port ; Comment                                                                              ;
+------------+--------------------------------------------------------------------------------------+
; in         ; No input delay, min/max delays, false-path exceptions, or max skew assignments found ;
; rst_n      ; No input delay, min/max delays, false-path exceptions, or max skew assignments found ;
+------------+--------------------------------------------------------------------------------------+


+-----------------------------------------------------------------------------------------------------+
; Unconstrained Output Ports                                                                          ;
+-------------+---------------------------------------------------------------------------------------+
; Output Port ; Comment                                                                               ;
+-------------+---------------------------------------------------------------------------------------+
; out         ; No output delay, min/max delays, false-path exceptions, or max skew assignments found ;
; state[0]    ; No output delay, min/max delays, false-path exceptions, or max skew assignments found ;
; state[1]    ; No output delay, min/max delays, false-path exceptions, or max skew assignments found ;
+-------------+---------------------------------------------------------------------------------------+


+---------------------------------------------------------------------------------------------------+
; Unconstrained Input Ports                                                                         ;
+------------+--------------------------------------------------------------------------------------+
; Input Port ; Comment                                                                              ;
+------------+--------------------------------------------------------------------------------------+
; in         ; No input delay, min/max delays, false-path exceptions, or max skew assignments found ;
; rst_n      ; No input delay, min/max delays, false-path exceptions, or max skew assignments found ;
+------------+--------------------------------------------------------------------------------------+


+-----------------------------------------------------------------------------------------------------+
; Unconstrained Output Ports                                                                          ;
+-------------+---------------------------------------------------------------------------------------+
; Output Port ; Comment                                                                               ;
+-------------+---------------------------------------------------------------------------------------+
; out         ; No output delay, min/max delays, false-path exceptions, or max skew assignments found ;
; state[0]    ; No output delay, min/max delays, false-path exceptions, or max skew assignments found ;
; state[1]    ; No output delay, min/max delays, false-path exceptions, or max skew assignments found ;
+-------------+---------------------------------------------------------------------------------------+


+--------------------------+
; Timing Analyzer Messages ;
+--------------------------+
Info: *******************************************************************
Info: Running Quartus Prime Timing Analyzer
    Info: Version 20.1.1 Build 720 11/11/2020 SJ Lite Edition
    Info: Processing started: Mon Apr 06 19:59:49 2026
Info: Command: quartus_sta seq_101 -c seq_101
Info: qsta_default_script.tcl version: #1
Warning (18236): Number of processors has not been specified which may cause overloading on shared machines.  Set the global assignment NUM_PARALLEL_PROCESSORS in your QSF to an appropriate value for best performance.
Info (20030): Parallel compilation is enabled and will use 2 of the 2 processors detected
Info (21077): Low junction temperature is 0 degrees C
Info (21077): High junction temperature is 85 degrees C
Critical Warning (332012): Synopsys Design Constraints File file not found: 'seq_101.sdc'. A Synopsys Design Constraints File is required by the Timing Analyzer to get proper timing constraints. Without it, the Compiler will not properly optimize the design.
Info (332142): No user constrained base clocks found in the design. Calling "derive_clocks -period 1.0"
Info (332105): Deriving Clocks
    Info (332105): create_clock -period 1.000 -name clk_50 clk_50
    Info (332105): create_clock -period 1.000 -name clk_div:div|clk_out clk_div:div|clk_out
Info (332143): No user constrained clock uncertainty found in the design. Calling "derive_clock_uncertainty"
Info (332123): Deriving Clock Uncertainty. Please refer to report_sdc in the Timing Analyzer to see clock uncertainties.
Info: Found TIMING_ANALYZER_REPORT_SCRIPT_INCLUDE_DEFAULT_ANALYSIS = ON
Info: Analyzing Slow 1200mV 85C Model
Critical Warning (332148): Timing requirements not met
    Info (11105): For recommendations on closing timing, run Report Timing Closure Recommendations in the Timing Analyzer.
Info (332146): Worst-case setup slack is -3.942
    Info (332119):     Slack       End Point TNS Clock 
    Info (332119): ========= =================== =====================
    Info (332119):    -3.942             -53.351 clk_50 
    Info (332119):     0.086               0.000 clk_div:div|clk_out 
Info (332146): Worst-case hold slack is 0.450
    Info (332119):     Slack       End Point TNS Clock 
    Info (332119): ========= =================== =====================
    Info (332119):     0.450               0.000 clk_div:div|clk_out 
    Info (332119):     0.641               0.000 clk_50 
Info (332140): No Recovery paths to report
Info (332140): No Removal paths to report
Info (332146): Worst-case minimum pulse width slack is -3.000
    Info (332119):     Slack       End Point TNS Clock 
    Info (332119): ========= =================== =====================
    Info (332119):    -3.000             -38.980 clk_50 
    Info (332119):    -1.285              -5.140 clk_div:div|clk_out 
Info: Analyzing Slow 1200mV 0C Model
Info (334003): Started post-fitting delay annotation
Info (334004): Delay annotation completed successfully
Info (332123): Deriving Clock Uncertainty. Please refer to report_sdc in the Timing Analyzer to see clock uncertainties.
Critical Warning (332148): Timing requirements not met
    Info (11105): For recommendations on closing timing, run Report Timing Closure Recommendations in the Timing Analyzer.
Info (332146): Worst-case setup slack is -3.564
    Info (332119):     Slack       End Point TNS Clock 
    Info (332119): ========= =================== =====================
    Info (332119):    -3.564             -45.511 clk_50 
    Info (332119):     0.171               0.000 clk_div:div|clk_out 
Info (332146): Worst-case hold slack is 0.406
    Info (332119):     Slack       End Point TNS Clock 
    Info (332119): ========= =================== =====================
    Info (332119):     0.406               0.000 clk_div:div|clk_out 
    Info (332119):     0.584               0.000 clk_50 
Info (332140): No Recovery paths to report
Info (332140): No Removal paths to report
Info (332146): Worst-case minimum pulse width slack is -3.000
    Info (332119):     Slack       End Point TNS Clock 
    Info (332119): ========= =================== =====================
    Info (332119):    -3.000             -38.980 clk_50 
    Info (332119):    -1.285              -5.140 clk_div:div|clk_out 
Info: Analyzing Fast 1200mV 0C Model
Info (332123): Deriving Clock Uncertainty. Please refer to report_sdc in the Timing Analyzer to see clock uncertainties.
Critical Warning (332148): Timing requirements not met
    Info (11105): For recommendations on closing timing, run Report Timing Closure Recommendations in the Timing Analyzer.
Info (332146): Worst-case setup slack is -1.473
    Info (332119):     Slack       End Point TNS Clock 
    Info (332119): ========= =================== =====================
    Info (332119):    -1.473             -12.721 clk_50 
    Info (332119):     0.555               0.000 clk_div:div|clk_out 
Info (332146): Worst-case hold slack is 0.204
    Info (332119):     Slack       End Point TNS Clock 
    Info (332119): ========= =================== =====================
    Info (332119):     0.204               0.000 clk_div:div|clk_out 
    Info (332119):     0.292               0.000 clk_50 
Info (332140): No Recovery paths to report
Info (332140): No Removal paths to report
Info (332146): Worst-case minimum pulse width slack is -3.000
    Info (332119):     Slack       End Point TNS Clock 
    Info (332119): ========= =================== =====================
    Info (332119):    -3.000             -32.753 clk_50 
    Info (332119):    -1.000              -4.000 clk_div:div|clk_out 
Info (332102): Design is not fully constrained for setup requirements
Info (332102): Design is not fully constrained for hold requirements
Info: Quartus Prime Timing Analyzer was successful. 0 errors, 5 warnings
    Info: Peak virtual memory: 4832 megabytes
    Info: Processing ended: Mon Apr 06 19:59:51 2026
    Info: Elapsed time: 00:00:02
    Info: Total CPU time (on all processors): 00:00:01


